,EURUSD,GBPUSD,USDJPY
1999-01-04,1.1812,1.6581,112.15
1999-01-05,1.176,1.6566,111.15
1999-01-06,1.1636,1.6547,112.78
1999-01-07,1.1672,1.6495,111.69
1999-01-08,1.1554,1.6405,111.52
1999-01-11,1.1534,1.6375,108.83
1999-01-12,1.1548,1.6308,112.07
1999-01-13,1.1698,1.6493,113.46
1999-01-14,1.1689,1.653,113.25
1999-01-15,1.1591,1.65,114.19
1999-01-19,1.161,1.655,113.76
1999-01-20,1.1575,1.6467,113.45
1999-01-21,1.1577,1.6516,113.75
1999-01-22,1.1582,1.656,114.65
1999-01-25,1.1566,1.6563,113.8
1999-01-26,1.1577,1.6585,114.03
1999-01-27,1.1481,1.6485,115.62
1999-01-28,1.1395,1.647,116.36
1999-01-29,1.1371,1.6457,116.0
1999-02-01,1.1303,1.641,115.09
1999-02-02,1.1328,1.643,112.12
1999-02-03,1.1339,1.6375,112.46
1999-02-04,1.1306,1.6395,112.03
1999-02-05,1.1283,1.637,113.14
1999-02-08,1.1296,1.638,114.38
1999-02-09,1.13,1.6355,114.42
1999-02-10,1.1331,1.629,114.45
1999-02-11,1.1303,1.6244,114.7
1999-02-12,1.1282,1.6311,114.32
1999-02-16,1.1189,1.6317,118.08
1999-02-17,1.123,1.6338,119.03
1999-02-18,1.1223,1.6338,119.82
1999-02-19,1.1075,1.6255,121.0
1999-02-22,1.1037,1.6238,120.35
1999-02-23,1.0993,1.6138,121.45
1999-02-24,1.0972,1.598,121.9
1999-02-25,1.1068,1.606,119.26
1999-02-26,1.0995,1.6027,118.7
1999-03-01,1.0891,1.6058,119.79
1999-03-02,1.0931,1.6135,120.47
1999-03-03,1.0888,1.6134,121.68
1999-03-04,1.0824,1.6065,123.5
1999-03-05,1.0843,1.6073,122.57
1999-03-08,1.0899,1.6085,121.73
1999-03-09,1.0873,1.6148,121.4
1999-03-10,1.0961,1.6267,119.84
1999-03-11,1.0932,1.627,119.57
1999-03-12,1.0936,1.6335,118.99
1999-03-15,1.093,1.6223,117.7
1999-03-16,1.0915,1.624,117.74
1999-03-17,1.1015,1.6302,118.15
1999-03-18,1.099,1.629,117.53
1999-03-19,1.0923,1.6303,117.05
1999-03-22,1.0915,1.628,118.14
1999-03-23,1.0918,1.6372,118.02
1999-03-24,1.0921,1.641,117.35
1999-03-25,1.0871,1.6314,118.05
1999-03-26,1.0743,1.6205,120.3
1999-03-29,1.0716,1.614,119.78
1999-03-30,1.0732,1.6115,120.1
1999-03-31,1.0808,1.614,118.43
1999-04-01,1.0782,1.6063,120.19
1999-04-02,1.0782,1.6023,120.6
1999-04-05,1.0706,1.6015,122.0
1999-04-06,1.0838,1.592,120.74
1999-04-07,1.0784,1.5975,121.34
1999-04-08,1.0835,1.6083,120.85
1999-04-09,1.0786,1.6068,121.09
1999-04-12,1.0842,1.6127,120.14
1999-04-13,1.078,1.6135,120.04
1999-04-14,1.0779,1.6124,118.89
1999-04-15,1.0717,1.6103,119.04
1999-04-16,1.0688,1.6112,117.86
1999-04-19,1.0608,1.6075,117.99
1999-04-20,1.063,1.6135,118.18
1999-04-21,1.0612,1.6074,119.76
1999-04-22,1.0598,1.6117,119.84
1999-04-23,1.0634,1.617,119.26
1999-04-26,1.059,1.6113,119.13
1999-04-27,1.0649,1.6177,120.23
1999-04-28,1.0616,1.6148,119.13
1999-04-29,1.0591,1.6105,119.26
1999-04-30,1.0564,1.6085,119.43
1999-05-03,1.0571,1.6083,120.14
1999-05-04,1.0593,1.621,120.94
1999-05-05,1.0724,1.6337,120.91
1999-05-06,1.0779,1.6377,120.77
1999-05-07,1.0781,1.635,120.78
1999-05-10,1.0787,1.63,120.68
1999-05-11,1.072,1.6215,120.96
1999-05-12,1.0666,1.6193,120.86
1999-05-13,1.0626,1.619,121.67
1999-05-14,1.065,1.6175,122.64
1999-05-17,1.0672,1.6193,123.27
1999-05-18,1.0672,1.6203,123.24
1999-05-19,1.0641,1.6175,124.45
1999-05-20,1.063,1.6122,124.15
1999-05-21,1.0577,1.602,123.9
1999-05-24,1.0593,1.5978,123.57
1999-05-25,1.0587,1.6021,122.88
1999-05-26,1.0471,1.5963,122.03
1999-05-27,1.0439,1.5957,121.27
1999-05-28,1.0422,1.602,120.88
1999-06-01,1.0449,1.615,120.75
1999-06-02,1.0357,1.6075,121.14
1999-06-03,1.0355,1.6055,121.5
1999-06-04,1.0327,1.6074,121.99
1999-06-07,1.0296,1.601,121.31
1999-06-08,1.0438,1.605,119.88
1999-06-09,1.045,1.6001,119.2
1999-06-10,1.0477,1.6002,118.85
1999-06-11,1.0516,1.6085,118.14
1999-06-14,1.0416,1.6075,120.4
1999-06-15,1.042,1.595,120.63
1999-06-16,1.0298,1.5862,120.03
1999-06-17,1.0329,1.5925,119.47
1999-06-18,1.0368,1.5924,120.48
1999-06-21,1.0323,1.589,122.28
1999-06-22,1.0323,1.5895,121.68
1999-06-23,1.0316,1.5787,122.05
1999-06-24,1.0372,1.5833,121.83
1999-06-25,1.0448,1.5893,121.28
1999-06-28,1.0373,1.5822,121.3
1999-06-29,1.0337,1.5781,120.81
1999-06-30,1.031,1.5765,120.94
1999-07-01,1.0236,1.5765,120.99
1999-07-02,1.0244,1.5792,121.13
1999-07-06,1.0249,1.5688,121.94
1999-07-07,1.0224,1.5602,122.19
1999-07-08,1.0198,1.5577,122.57
1999-07-09,1.0186,1.5515,122.37
1999-07-12,1.0139,1.5558,122.22
1999-07-13,1.0176,1.5566,121.38
1999-07-14,1.0215,1.5635,120.58
1999-07-15,1.022,1.5665,120.49
1999-07-16,1.0203,1.5622,120.98
1999-07-19,1.0203,1.563,119.18
1999-07-20,1.042,1.57,118.94
1999-07-21,1.0526,1.5766,118.25
1999-07-22,1.0509,1.5835,117.27
1999-07-23,1.0497,1.578,116.51
1999-07-26,1.0651,1.5905,116.66
1999-07-27,1.0627,1.5895,116.23
1999-07-28,1.0644,1.5935,116.17
1999-07-29,1.0719,1.613,115.19
1999-07-30,1.0694,1.6207,114.7
1999-08-02,1.0661,1.6145,114.51
1999-08-03,1.068,1.6185,115.1
1999-08-04,1.0766,1.62,114.2
1999-08-05,1.0793,1.6198,113.98
1999-08-06,1.077,1.6147,114.6
1999-08-09,1.0694,1.6,115.37
1999-08-10,1.0752,1.618,114.44
1999-08-11,1.066,1.6107,115.1
1999-08-12,1.0636,1.609,115.76
1999-08-13,1.0568,1.6057,115.66
1999-08-16,1.0557,1.6011,114.83
1999-08-17,1.0525,1.6036,114.18
1999-08-18,1.0505,1.6004,112.3
1999-08-19,1.0643,1.618,111.14
1999-08-20,1.0654,1.6133,111.44
1999-08-23,1.0553,1.6076,111.73
1999-08-24,1.0506,1.5946,111.53
1999-08-25,1.0461,1.5865,111.18
1999-08-26,1.0441,1.5876,111.83
1999-08-27,1.046,1.5885,111.68
1999-08-30,1.0445,1.5875,111.13
1999-08-31,1.0581,1.6086,109.3
1999-09-01,1.0582,1.6023,109.35
1999-09-02,1.0689,1.6091,109.24
1999-09-03,1.0605,1.6028,110.09
1999-09-07,1.0581,1.6057,110.92
1999-09-08,1.059,1.6185,110.99
1999-09-09,1.0543,1.6332,108.0
1999-09-10,1.0402,1.6183,109.0
1999-09-13,1.04,1.609,106.19
1999-09-14,1.0408,1.6085,105.33
1999-09-15,1.0385,1.611,103.78
1999-09-16,1.0418,1.625,105.1
1999-09-17,1.0399,1.6222,106.94
1999-09-20,1.0408,1.623,106.42
1999-09-21,1.046,1.631,104.85
1999-09-22,1.05,1.6363,104.03
1999-09-23,1.0415,1.6375,104.18
1999-09-24,1.0466,1.6428,104.14
1999-09-27,1.0431,1.6455,106.07
1999-09-28,1.0509,1.6485,106.14
1999-09-29,1.0613,1.6425,106.8
1999-09-30,1.0643,1.6457,106.82
1999-10-01,1.0718,1.655,105.08
1999-10-04,1.0703,1.6555,106.35
1999-10-05,1.0693,1.6525,106.96
1999-10-06,1.0704,1.656,107.54
1999-10-07,1.0721,1.652,107.67
1999-10-08,1.063,1.652,107.38
1999-10-12,1.0737,1.6535,106.28
1999-10-13,1.0758,1.6532,107.45
1999-10-14,1.0799,1.6575,106.96
1999-10-15,1.0887,1.6684,105.43
1999-10-18,1.0863,1.672,104.93
1999-10-19,1.0833,1.6708,105.5
1999-10-20,1.0765,1.6643,106.16
1999-10-21,1.0808,1.6765,105.96
1999-10-22,1.0678,1.6584,105.81
1999-10-25,1.0666,1.6631,105.35
1999-10-26,1.0578,1.6525,104.83
1999-10-27,1.0532,1.6477,104.24
1999-10-28,1.0519,1.64,105.13
1999-10-29,1.0518,1.6425,104.29
1999-11-01,1.0494,1.6404,104.19
1999-11-02,1.0506,1.6445,104.15
1999-11-03,1.0485,1.644,105.0
1999-11-04,1.044,1.6375,104.48
1999-11-05,1.04,1.6205,106.33
1999-11-08,1.0363,1.615,105.77
1999-11-09,1.0401,1.621,104.86
1999-11-10,1.0436,1.625,104.58
1999-11-12,1.0315,1.6131,105.34
1999-11-15,1.0315,1.623,104.88
1999-11-16,1.0312,1.6164,105.83
1999-11-17,1.0403,1.6231,105.47
1999-11-18,1.0297,1.615,105.85
1999-11-19,1.0313,1.616,106.13
1999-11-22,1.0327,1.6205,104.87
1999-11-23,1.0261,1.6236,104.2
1999-11-24,1.0176,1.609,104.62
1999-11-26,1.0137,1.6062,102.19
1999-11-29,1.01,1.6024,102.43
1999-11-30,1.0077,1.5935,101.8
1999-12-01,1.0059,1.596,102.37
1999-12-02,1.0023,1.5972,102.69
1999-12-03,1.0016,1.6015,102.55
1999-12-06,1.0252,1.623,103.1
1999-12-07,1.0222,1.6233,102.39
1999-12-08,1.0263,1.6255,102.97
1999-12-09,1.0161,1.623,102.57
1999-12-10,1.0158,1.6225,102.4
1999-12-13,1.012,1.6232,103.26
1999-12-14,1.0067,1.611,103.47
1999-12-15,1.0066,1.6085,103.54
1999-12-16,1.0169,1.6123,103.04
1999-12-17,1.0088,1.607,103.27
1999-12-20,1.0066,1.6035,102.72
1999-12-21,1.0093,1.6103,102.06
1999-12-22,1.008,1.606,101.53
1999-12-23,1.0162,1.6161,101.73
1999-12-24,1.0128,1.6154,102.95
1999-12-27,1.0136,1.6173,102.1
1999-12-28,1.0068,1.6165,102.19
1999-12-29,1.0045,1.6168,102.05
1999-12-30,1.0024,1.613,102.33
1999-12-31,1.007,1.615,102.16
2000-01-03,1.0155,1.627,101.7
2000-01-04,1.0309,1.637,103.09
2000-01-05,1.0335,1.6415,103.77
2000-01-06,1.0324,1.6475,105.19
2000-01-07,1.0294,1.6384,105.17
2000-01-10,1.0252,1.6374,105.28
2000-01-11,1.0322,1.648,106.09
2000-01-12,1.0281,1.6465,105.76
2000-01-13,1.027,1.6482,106.09
2000-01-14,1.0128,1.6353,105.86
2000-01-18,1.0121,1.638,105.49
2000-01-19,1.0115,1.6438,105.39
2000-01-20,1.0133,1.6538,105.45
2000-01-21,1.01,1.6504,104.96
2000-01-24,1.0019,1.652,105.52
2000-01-25,1.0041,1.6482,105.87
2000-01-26,1.0011,1.6395,105.85
2000-01-27,0.989,1.6363,104.91
2000-01-28,0.9765,1.621,107.15
2000-01-31,0.9757,1.6182,107.33
2000-02-01,0.9731,1.615,107.67
2000-02-02,0.9768,1.606,108.4
2000-02-03,0.9887,1.6025,107.92
2000-02-04,0.976,1.5915,107.54
2000-02-07,0.9783,1.5917,108.75
2000-02-08,0.9862,1.6105,109.59
2000-02-09,0.9914,1.6115,109.11
2000-02-10,0.9865,1.6057,108.74
2000-02-11,0.9847,1.5923,108.99
2000-02-14,0.9783,1.589,108.65
2000-02-15,0.9834,1.595,108.75
2000-02-16,0.9842,1.604,109.38
2000-02-17,0.9863,1.605,110.27
2000-02-18,0.985,1.5984,110.88
2000-02-22,1.006,1.6165,111.04
2000-02-23,1.0017,1.6047,111.11
2000-02-24,0.9931,1.5981,110.95
2000-02-25,0.9763,1.5908,110.98
2000-02-28,0.9669,1.5935,109.17
2000-02-29,0.9643,1.578,109.88
2000-03-01,0.97,1.5849,107.1
2000-03-02,0.9619,1.5765,107.37
2000-03-03,0.9618,1.581,107.8
2000-03-06,0.9603,1.5732,107.74
2000-03-07,0.956,1.5772,106.2
2000-03-08,0.9576,1.5855,106.89
2000-03-09,0.9684,1.5815,106.45
2000-03-10,0.9659,1.5793,106.27
2000-03-13,0.9648,1.5782,105.32
2000-03-14,0.9644,1.5725,104.85
2000-03-15,0.9696,1.573,105.58
2000-03-16,0.971,1.5747,105.63
2000-03-17,0.9694,1.5705,106.1
2000-03-20,0.971,1.5686,106.5
2000-03-21,0.9703,1.5725,106.91
2000-03-22,0.9608,1.5705,106.77
2000-03-23,0.9691,1.583,107.45
2000-03-24,0.9724,1.591,107.25
2000-03-27,0.9645,1.5855,107.13
2000-03-28,0.9614,1.5872,105.9
2000-03-29,0.9524,1.587,105.6
2000-03-30,0.9594,1.5922,105.53
2000-03-31,0.9574,1.5922,102.73
2000-04-03,0.956,1.598,104.82
2000-04-04,0.9588,1.5965,105.33
2000-04-05,0.9647,1.59,105.0
2000-04-06,0.958,1.58,104.78
2000-04-07,0.959,1.583,105.33
2000-04-10,0.9588,1.5828,106.37
2000-04-11,0.9591,1.5873,106.95
2000-04-12,0.9551,1.5882,105.86
2000-04-13,0.9524,1.5881,105.76
2000-04-14,0.9564,1.586,105.12
2000-04-17,0.955,1.5853,104.19
2000-04-18,0.9477,1.5764,104.59
2000-04-19,0.9369,1.5777,104.94
2000-04-20,0.9376,1.5801,105.45
2000-04-21,0.9379,1.5785,105.88
2000-04-24,0.9396,1.58,105.66
2000-04-25,0.9265,1.5787,105.71
2000-04-26,0.9217,1.5795,106.46
2000-04-27,0.9083,1.5748,106.36
2000-04-28,0.9089,1.556,107.98
2000-05-01,0.912,1.5558,108.89
2000-05-02,0.9068,1.559,108.63
2000-05-03,0.8891,1.5605,109.14
2000-05-04,0.8907,1.5435,108.17
2000-05-05,0.8953,1.5288,108.53
2000-05-08,0.895,1.531,109.03
2000-05-09,0.9023,1.5315,109.61
2000-05-10,0.9097,1.5153,109.33
2000-05-11,0.9021,1.4997,108.47
2000-05-12,0.908,1.5172,108.74
2000-05-15,0.9138,1.5075,109.48
2000-05-16,0.9053,1.5008,109.75
2000-05-17,0.8921,1.4905,109.53
2000-05-18,0.8952,1.4818,108.7
2000-05-19,0.8946,1.4855,106.89
2000-05-22,0.9036,1.4907,107.02
2000-05-23,0.9032,1.4728,106.72
2000-05-24,0.9096,1.4755,107.58
2000-05-25,0.9072,1.4705,107.48
2000-05-26,0.931,1.4875,107.18
2000-05-30,0.9314,1.495,106.44
2000-05-31,0.9328,1.4968,107.74
2000-06-01,0.9307,1.4915,108.74
2000-06-02,0.9432,1.5079,108.15
2000-06-05,0.9471,1.5135,107.44
2000-06-06,0.957,1.5235,105.64
2000-06-07,0.96,1.5225,105.5
2000-06-08,0.9548,1.506,105.86
2000-06-09,0.9526,1.5079,106.78
2000-06-12,0.9544,1.512,106.65
2000-06-13,0.9619,1.513,106.79
2000-06-14,0.959,1.5023,106.89
2000-06-15,0.953,1.5103,106.52
2000-06-16,0.9648,1.5165,106.22
2000-06-19,0.9622,1.5154,105.74
2000-06-20,0.9557,1.51,105.42
2000-06-21,0.9455,1.497,105.5
2000-06-22,0.9398,1.511,104.4
2000-06-23,0.9358,1.501,104.59
2000-06-26,0.9382,1.499,105.66
2000-06-27,0.9444,1.5,105.53
2000-06-28,0.9444,1.5107,105.51
2000-06-29,0.9515,1.5194,105.09
2000-06-30,0.9545,1.513,106.14
2000-07-03,0.9526,1.5135,105.64
2000-07-05,0.9548,1.512,106.91
2000-07-06,0.9527,1.512,107.37
2000-07-07,0.9484,1.5143,107.81
2000-07-10,0.9521,1.5137,107.1
2000-07-11,0.9497,1.514,106.93
2000-07-12,0.9401,1.5068,108.36
2000-07-13,0.9339,1.499,108.27
2000-07-14,0.9374,1.499,107.88
2000-07-17,0.9351,1.492,108.53
2000-07-18,0.9322,1.4945,108.3
2000-07-19,0.9237,1.4942,108.2
2000-07-20,0.9292,1.5094,107.89
2000-07-21,0.9343,1.5167,109.08
2000-07-24,0.9314,1.514,108.92
2000-07-25,0.9391,1.519,109.3
2000-07-26,0.9413,1.5154,109.28
2000-07-27,0.9331,1.5116,109.15
2000-07-28,0.9246,1.5025,109.63
2000-07-31,0.9266,1.4983,109.68
2000-08-01,0.9228,1.4992,109.47
2000-08-02,0.9137,1.4926,108.77
2000-08-03,0.9042,1.4947,108.36
2000-08-04,0.9075,1.5022,108.54
2000-08-07,0.9105,1.507,108.99
2000-08-08,0.9019,1.5022,108.64
2000-08-09,0.8991,1.4992,107.99
2000-08-10,0.9077,1.498,108.7
2000-08-11,0.9046,1.504,108.68
2000-08-14,0.9037,1.506,109.52
2000-08-15,0.9135,1.5056,109.0
2000-08-16,0.9143,1.4988,108.55
2000-08-17,0.9152,1.4992,108.48
2000-08-18,0.9068,1.4895,108.43
2000-08-21,0.9027,1.49,108.53
2000-08-22,0.8965,1.4797,108.34
2000-08-23,0.8967,1.4813,107.02
2000-08-24,0.9028,1.4806,106.89
2000-08-25,0.9024,1.4745,107.17
2000-08-28,0.9002,1.4716,106.45
2000-08-29,0.8966,1.4616,106.2
2000-08-30,0.8924,1.456,106.47
2000-08-31,0.8878,1.4515,106.66
2000-09-01,0.8993,1.4605,105.78
2000-09-05,0.8876,1.4522,105.88
2000-09-06,0.8702,1.4455,106.08
2000-09-07,0.874,1.438,105.1
2000-09-08,0.8664,1.4196,106.03
2000-09-11,0.8624,1.4123,105.97
2000-09-12,0.8596,1.402,106.93
2000-09-13,0.864,1.4125,107.11
2000-09-14,0.8617,1.406,107.25
2000-09-15,0.8572,1.4005,107.33
2000-09-18,0.8523,1.4015,106.87
2000-09-19,0.8514,1.408,107.02
2000-09-20,0.8462,1.4107,106.77
2000-09-21,0.8558,1.428,106.5
2000-09-22,0.8793,1.4568,107.94
2000-09-25,0.8738,1.454,107.63
2000-09-26,0.8815,1.46,107.63
2000-09-27,0.8805,1.4607,107.44
2000-09-28,0.8826,1.4635,107.59
2000-09-29,0.8837,1.4787,107.9
2000-10-02,0.8806,1.4675,108.81
2000-10-03,0.8741,1.4565,108.66
2000-10-04,0.8726,1.4558,109.29
2000-10-05,0.8685,1.4502,109.3
2000-10-06,0.868,1.4445,108.81
2000-10-10,0.8682,1.4484,107.9
2000-10-11,0.8715,1.462,107.63
2000-10-12,0.8644,1.4735,107.58
2000-10-13,0.8568,1.4597,107.67
2000-10-16,0.8489,1.4455,108.3
2000-10-17,0.8507,1.4426,108.15
2000-10-18,0.8391,1.4464,107.78
2000-10-19,0.8406,1.4422,108.55
2000-10-20,0.84,1.4448,109.04
2000-10-23,0.8364,1.455,108.45
2000-10-24,0.8364,1.449,108.08
2000-10-25,0.827,1.4335,108.05
2000-10-26,0.8271,1.4313,108.36
2000-10-27,0.8406,1.4517,108.75
2000-10-30,0.8432,1.453,108.99
2000-10-31,0.8486,1.4505,109.15
2000-11-01,0.8584,1.4452,108.48
2000-11-02,0.8594,1.444,108.39
2000-11-03,0.8614,1.4484,107.58
2000-11-06,0.8584,1.432,107.34
2000-11-07,0.8583,1.431,107.3
2000-11-08,0.8559,1.4236,107.57
2000-11-09,0.8574,1.4242,107.41
2000-11-10,0.8625,1.4305,107.83
2000-11-13,0.8607,1.4388,107.7
2000-11-14,0.8573,1.4306,108.15
2000-11-15,0.857,1.4257,108.75
2000-11-16,0.8532,1.4228,109.08
2000-11-17,0.8516,1.423,108.86
2000-11-20,0.8486,1.4222,109.79
2000-11-21,0.8458,1.416,110.29
2000-11-22,0.8423,1.4077,110.16
2000-11-24,0.8382,1.3997,111.38
2000-11-27,0.85,1.4155,110.7
2000-11-28,0.8547,1.4182,110.23
2000-11-29,0.8577,1.4209,111.28
2000-11-30,0.8694,1.421,110.93
2000-12-01,0.8765,1.4373,111.15
2000-12-04,0.8875,1.4523,111.07
2000-12-05,0.8804,1.441,111.0
2000-12-06,0.8877,1.4365,110.42
2000-12-07,0.8891,1.44,110.7
2000-12-08,0.8838,1.4442,111.29
2000-12-11,0.8771,1.4554,110.77
2000-12-12,0.8775,1.448,111.5
2000-12-13,0.8755,1.451,112.4
2000-12-14,0.8858,1.4665,112.42
2000-12-15,0.8981,1.4763,112.55
2000-12-18,0.8929,1.4677,112.06
2000-12-19,0.8902,1.462,112.55
2000-12-20,0.9058,1.4737,112.58
2000-12-21,0.9112,1.4707,112.18
2000-12-22,0.923,1.4783,112.75
2000-12-26,0.9292,1.48,113.62
2000-12-27,0.9304,1.4912,114.2
2000-12-28,0.9257,1.4907,114.62
2000-12-29,0.9388,1.4955,114.35
2001-01-02,0.9465,1.4977,114.73
2001-01-03,0.9473,1.5045,114.26
2001-01-04,0.9448,1.493,115.47
2001-01-05,0.9535,1.499,116.19
2001-01-08,0.9486,1.4969,115.97
2001-01-09,0.9397,1.49,116.64
2001-01-10,0.9387,1.491,116.26
2001-01-11,0.952,1.4965,117.56
2001-01-12,0.9486,1.4778,117.76
2001-01-16,0.9374,1.4675,117.28
2001-01-17,0.9306,1.4723,118.35
2001-01-18,0.9446,1.4755,117.78
2001-01-19,0.9363,1.4683,117.23
2001-01-22,0.9374,1.465,116.62
2001-01-23,0.9389,1.4715,116.95
2001-01-24,0.9258,1.4616,118.18
2001-01-25,0.9219,1.4605,116.91
2001-01-26,0.9213,1.459,117.16
2001-01-29,0.9181,1.457,116.67
2001-01-30,0.9264,1.4615,115.75
2001-01-31,0.9308,1.4613,116.39
2001-02-01,0.9384,1.4775,115.33
2001-02-02,0.9357,1.4692,115.65
2001-02-05,0.9395,1.475,114.99
2001-02-06,0.9304,1.4585,114.88
2001-02-07,0.9331,1.4633,116.21
2001-02-08,0.9184,1.444,116.3
2001-02-09,0.9267,1.449,117.57
2001-02-12,0.9287,1.4513,117.62
2001-02-13,0.9204,1.451,117.3
2001-02-14,0.9197,1.4578,116.65
2001-02-15,0.9057,1.449,115.67
2001-02-16,0.9162,1.4505,115.46
2001-02-20,0.9096,1.4436,115.57
2001-02-21,0.9077,1.4385,116.45
2001-02-22,0.9069,1.4447,116.53
2001-02-23,0.9095,1.447,116.15
2001-02-26,0.9093,1.444,116.63
2001-02-27,0.9128,1.4405,116.2
2001-02-28,0.9212,1.4433,117.28
2001-03-01,0.9291,1.4553,117.33
2001-03-02,0.934,1.4725,119.06
2001-03-05,0.9289,1.4687,119.08
2001-03-06,0.9313,1.4655,118.87
2001-03-07,0.9274,1.4612,119.86
2001-03-08,0.9281,1.4667,119.51
2001-03-09,0.9315,1.4675,119.71
2001-03-12,0.93,1.467,120.63
2001-03-13,0.9148,1.4513,120.2
2001-03-14,0.9133,1.4497,120.97
2001-03-15,0.9046,1.4436,122.23
2001-03-16,0.8929,1.4265,122.85
2001-03-19,0.8985,1.4237,122.57
2001-03-20,0.9054,1.4285,122.73
2001-03-21,0.897,1.431,123.62
2001-03-22,0.8881,1.4223,123.84
2001-03-23,0.8926,1.4292,122.64
2001-03-26,0.8955,1.4345,122.81
2001-03-27,0.891,1.429,122.99
2001-03-28,0.8882,1.4352,122.62
2001-03-29,0.8807,1.4302,123.45
2001-03-30,0.8794,1.419,125.54
2001-04-02,0.8824,1.42,126.75
2001-04-03,0.893,1.4305,125.41
2001-04-04,0.9013,1.435,125.38
2001-04-05,0.8976,1.4266,124.33
2001-04-06,0.9002,1.4383,124.03
2001-04-09,0.9014,1.447,124.85
2001-04-10,0.8884,1.436,124.48
2001-04-11,0.8856,1.434,124.82
2001-04-12,0.8922,1.4391,123.51
2001-04-13,0.8888,1.4354,124.15
2001-04-16,0.8862,1.436,124.64
2001-04-17,0.8814,1.4287,123.67
2001-04-18,0.8816,1.4257,122.35
2001-04-19,0.8909,1.4366,121.87
2001-04-20,0.9032,1.4428,122.52
2001-04-23,0.896,1.4377,121.68
2001-04-24,0.8946,1.4365,122.08
2001-04-25,0.8972,1.4397,122.21
2001-04-26,0.9011,1.4378,123.13
2001-04-27,0.8924,1.4362,123.76
2001-04-30,0.8874,1.4306,123.57
2001-05-01,0.8937,1.434,121.92
2001-05-02,0.8925,1.4345,121.72
2001-05-03,0.8891,1.4322,121.19
2001-05-04,0.8934,1.4362,121.05
2001-05-07,0.8916,1.44,121.34
2001-05-08,0.8848,1.4315,121.66
2001-05-09,0.8845,1.4209,122.25
2001-05-10,0.8792,1.4186,122.71
2001-05-11,0.8759,1.4177,122.5
2001-05-14,0.8748,1.4176,123.12
2001-05-15,0.8788,1.4236,123.26
2001-05-16,0.8842,1.4293,123.59
2001-05-17,0.8828,1.431,122.68
2001-05-18,0.8774,1.4333,123.67
2001-05-21,0.8762,1.438,122.91
2001-05-22,0.8657,1.4278,122.79
2001-05-23,0.8598,1.4245,120.39
2001-05-24,0.857,1.4103,120.15
2001-05-25,0.8577,1.4207,120.75
2001-05-29,0.8547,1.4187,120.1
2001-05-30,0.8576,1.4251,120.27
2001-05-31,0.8455,1.4175,118.88
2001-06-01,0.8452,1.416,119.13
2001-06-04,0.8449,1.4123,119.5
2001-06-05,0.8504,1.4113,120.27
2001-06-06,0.8452,1.3906,120.35
2001-06-07,0.8506,1.39,119.91
2001-06-08,0.8505,1.3817,120.6
2001-06-11,0.8425,1.373,122.02
2001-06-12,0.8479,1.3781,121.74
2001-06-13,0.8536,1.3909,121.89
2001-06-14,0.8598,1.4005,121.42
2001-06-15,0.8628,1.4056,122.97
2001-06-18,0.861,1.4034,123.2
2001-06-19,0.8558,1.4008,122.97
2001-06-20,0.8506,1.3952,123.3
2001-06-21,0.8544,1.4167,124.4
2001-06-22,0.857,1.414,124.25
2001-06-25,0.8611,1.413,124.02
2001-06-26,0.8623,1.4154,123.82
2001-06-27,0.8621,1.419,124.25
2001-06-28,0.847,1.407,124.63
2001-06-29,0.8474,1.4077,124.73
2001-07-02,0.8455,1.4168,124.22
2001-07-03,0.8477,1.4058,124.48
2001-07-05,0.837,1.3998,125.77
2001-07-06,0.8465,1.4106,125.85
2001-07-09,0.8474,1.4081,125.43
2001-07-10,0.8557,1.4098,125.53
2001-07-11,0.8614,1.4121,124.06
2001-07-12,0.853,1.4065,124.1
2001-07-13,0.8527,1.3995,124.75
2001-07-16,0.8549,1.4011,125.44
2001-07-17,0.8549,1.4037,124.89
2001-07-18,0.8701,1.416,124.35
2001-07-19,0.869,1.419,123.61
2001-07-20,0.8713,1.429,122.85
2001-07-23,0.8676,1.4185,124.19
2001-07-24,0.8752,1.4223,124.0
2001-07-25,0.8797,1.428,123.64
2001-07-26,0.8765,1.4265,123.83
2001-07-27,0.8749,1.4256,123.29
2001-07-30,0.875,1.426,125.18
2001-07-31,0.8752,1.4252,125.0
2001-08-01,0.8793,1.433,124.87
2001-08-02,0.8813,1.4295,123.72
2001-08-03,0.8843,1.4268,123.46
2001-08-06,0.8802,1.4175,123.85
2001-08-07,0.8775,1.4169,123.83
2001-08-08,0.8778,1.4135,123.2
2001-08-09,0.8886,1.4218,123.03
2001-08-10,0.894,1.4273,121.97
2001-08-13,0.8983,1.4217,122.46
2001-08-14,0.9025,1.4285,121.6
2001-08-15,0.9114,1.4379,119.92
2001-08-16,0.9138,1.4438,120.11
2001-08-17,0.9165,1.4465,120.37
2001-08-20,0.9127,1.4445,120.72
2001-08-21,0.9115,1.4468,119.91
2001-08-22,0.9194,1.4538,119.91
2001-08-23,0.9166,1.4478,119.84
2001-08-24,0.9116,1.4443,120.13
2001-08-27,0.9098,1.443,120.12
2001-08-28,0.9102,1.4501,120.48
2001-08-29,0.9097,1.4515,119.79
2001-08-30,0.9154,1.4577,119.4
2001-08-31,0.909,1.451,118.75
2001-09-04,0.8868,1.4444,119.49
2001-09-05,0.8897,1.4553,120.76
2001-09-06,0.8943,1.4561,120.95
2001-09-07,0.9044,1.4626,120.07
2001-09-10,0.8988,1.4585,121.08
2001-09-12,0.9069,1.4666,119.53
2001-09-13,0.9089,1.4697,118.81
2001-09-14,0.9199,1.4678,117.38
2001-09-17,0.9198,1.4661,117.59
2001-09-18,0.9233,1.4635,117.32
2001-09-19,0.931,1.4714,117.3
2001-09-20,0.9255,1.4642,115.89
2001-09-21,0.9099,1.4547,116.73
2001-09-24,0.9135,1.4616,117.52
2001-09-25,0.9222,1.4692,117.78
2001-09-26,0.9231,1.4745,117.89
2001-09-27,0.9181,1.4733,119.69
2001-09-28,0.9099,1.4691,119.23
2001-10-01,0.9159,1.4785,120.27
2001-10-02,0.9149,1.4618,120.78
2001-10-03,0.9181,1.4756,120.67
2001-10-04,0.9141,1.4774,120.63
2001-10-05,0.9168,1.4795,120.37
2001-10-09,0.915,1.4605,120.2
2001-10-10,0.9118,1.449,120.43
2001-10-11,0.9008,1.4415,121.57
2001-10-12,0.9078,1.4518,120.93
2001-10-15,0.9077,1.447,120.94
2001-10-16,0.9094,1.4478,121.27
2001-10-17,0.9065,1.4505,121.05
2001-10-18,0.9025,1.444,121.18
2001-10-19,0.8987,1.4372,121.15
2001-10-22,0.8906,1.4265,122.45
2001-10-23,0.8893,1.4214,122.83
2001-10-24,0.8925,1.4263,122.86
2001-10-25,0.8965,1.4306,122.72
2001-10-26,0.8921,1.4348,122.99
2001-10-29,0.9037,1.4525,122.08
2001-10-30,0.906,1.4546,122.07
2001-10-31,0.8993,1.4534,122.54
2001-11-01,0.9044,1.462,121.87
2001-11-02,0.9037,1.4615,121.68
2001-11-05,0.8963,1.457,121.72
2001-11-06,0.8975,1.4591,121.15
2001-11-07,0.8999,1.465,121.05
2001-11-08,0.891,1.454,119.98
2001-11-09,0.8935,1.4574,120.25
2001-11-13,0.8811,1.4425,121.45
2001-11-14,0.8829,1.4429,121.67
2001-11-15,0.8813,1.431,122.4
2001-11-16,0.8849,1.4278,122.67
2001-11-19,0.8781,1.4107,123.27
2001-11-20,0.8832,1.418,122.62
2001-11-21,0.8781,1.4154,123.19
2001-11-23,0.877,1.4095,124.44
2001-11-26,0.8811,1.4125,124.2
2001-11-27,0.8812,1.4137,124.17
2001-11-28,0.8863,1.4235,123.29
2001-11-29,0.8879,1.4232,123.82
2001-11-30,0.8958,1.4255,123.22
2001-12-03,0.8897,1.4217,123.9
2001-12-04,0.8898,1.4216,124.28
2001-12-05,0.8856,1.4164,124.4
2001-12-06,0.8916,1.425,124.83
2001-12-07,0.8905,1.4315,125.66
2001-12-10,0.8884,1.4342,126.27
2001-12-11,0.8904,1.4365,126.23
2001-12-12,0.8945,1.444,126.52
2001-12-13,0.8976,1.4454,126.32
2001-12-14,0.9044,1.4547,127.24
2001-12-17,0.904,1.4588,127.54
2001-12-18,0.9019,1.4565,127.97
2001-12-19,0.8997,1.4508,128.2
2001-12-20,0.8972,1.4464,128.55
2001-12-21,0.8864,1.4385,129.48
2001-12-24,0.8773,1.4385,129.9
2001-12-26,0.8778,1.449,130.79
2001-12-27,0.8843,1.454,131.47
2001-12-28,0.8822,1.4475,131.3
2001-12-31,0.8901,1.4543,131.04
2002-01-02,0.9031,1.4451,132.02
2002-01-03,0.8992,1.44,131.76
2002-01-04,0.8946,1.4455,131.02
2002-01-07,0.8931,1.4385,130.93
2002-01-08,0.8925,1.4426,132.53
2002-01-09,0.8882,1.4373,132.62
2002-01-10,0.8925,1.4433,132.61
2002-01-11,0.8905,1.4448,132.17
2002-01-14,0.8935,1.4482,131.83
2002-01-15,0.8913,1.445,131.14
2002-01-16,0.8834,1.4375,131.77
2002-01-17,0.88,1.4348,132.13
2002-01-18,0.8844,1.4365,132.64
2002-01-22,0.8838,1.4295,133.98
2002-01-23,0.8836,1.4273,134.25
2002-01-24,0.8782,1.4229,134.64
2002-01-25,0.8655,1.4096,134.47
2002-01-28,0.8605,1.4074,133.43
2002-01-29,0.8643,1.4132,133.51
2002-01-30,0.8648,1.416,132.84
2002-01-31,0.8594,1.412,134.06
2002-02-01,0.8613,1.4158,133.77
2002-02-04,0.8685,1.4197,132.71
2002-02-05,0.8672,1.417,133.9
2002-02-06,0.8693,1.4138,133.72
2002-02-07,0.869,1.4117,133.49
2002-02-08,0.8727,1.4176,134.77
2002-02-11,0.8778,1.4237,133.62
2002-02-12,0.8768,1.4322,132.82
2002-02-13,0.873,1.4298,133.23
2002-02-14,0.8713,1.4285,132.26
2002-02-15,0.873,1.4315,132.76
2002-02-19,0.8764,1.4302,133.45
2002-02-20,0.8705,1.4269,133.76
2002-02-21,0.8712,1.4253,134.27
2002-02-22,0.8757,1.4301,133.85
2002-02-25,0.8713,1.4263,133.89
2002-02-26,0.8682,1.4225,134.35
2002-02-27,0.8642,1.4165,134.63
2002-02-28,0.8658,1.4129,133.96
2002-03-01,0.8652,1.419,133.35
2002-03-04,0.8705,1.4228,132.2
2002-03-05,0.8699,1.4212,132.31
2002-03-06,0.8772,1.4238,130.85
2002-03-07,0.8795,1.4245,127.07
2002-03-08,0.8752,1.4227,128.21
2002-03-11,0.8768,1.422,128.08
2002-03-12,0.8759,1.4146,128.67
2002-03-13,0.877,1.4157,129.43
2002-03-14,0.8816,1.42,128.94
2002-03-15,0.8823,1.4238,129.1
2002-03-18,0.8826,1.4256,131.27
2002-03-19,0.8805,1.4213,132.3
2002-03-20,0.8836,1.426,131.6
2002-03-21,0.8836,1.4287,131.86
2002-03-22,0.8791,1.4263,132.88
2002-03-25,0.8768,1.4255,133.46
2002-03-26,0.8767,1.427,132.78
2002-03-27,0.8726,1.4238,132.61
2002-03-28,0.8711,1.4242,132.61
2002-03-29,0.8717,1.425,132.7
2002-04-01,0.8806,1.4407,133.32
2002-04-02,0.8782,1.4358,133.4
2002-04-03,0.8804,1.435,132.65
2002-04-04,0.8779,1.4349,132.3
2002-04-05,0.8805,1.435,131.73
2002-04-08,0.875,1.431,131.27
2002-04-09,0.8793,1.4345,131.03
2002-04-10,0.8794,1.4365,130.75
2002-04-11,0.8829,1.4382,131.55
2002-04-12,0.8792,1.4371,132.09
2002-04-15,0.8802,1.4372,131.95
2002-04-16,0.883,1.4396,131.19
2002-04-17,0.8885,1.4438,130.7
2002-04-18,0.8898,1.4479,129.84
2002-04-19,0.8893,1.4472,130.5
2002-04-22,0.8877,1.4488,129.9
2002-04-23,0.8897,1.4486,129.89
2002-04-24,0.8915,1.448,129.76
2002-04-25,0.8978,1.454,128.4
2002-04-26,0.898,1.4545,128.18
2002-04-29,0.9028,1.4592,128.13
2002-04-30,0.9002,1.4565,128.45
2002-05-01,0.9062,1.4621,127.45
2002-05-02,0.9032,1.4645,128.02
2002-05-03,0.9133,1.4664,127.21
2002-05-06,0.9166,1.4676,127.27
2002-05-07,0.9148,1.4675,127.8
2002-05-08,0.904,1.4533,128.64
2002-05-09,0.9088,1.4585,128.36
2002-05-10,0.9116,1.4606,127.89
2002-05-13,0.9107,1.4588,127.69
2002-05-14,0.9022,1.4474,128.66
2002-05-15,0.9074,1.4558,127.92
2002-05-16,0.9105,1.4567,128.19
2002-05-17,0.9206,1.4602,126.03
2002-05-20,0.9213,1.4588,125.64
2002-05-21,0.9191,1.4568,123.83
2002-05-22,0.9265,1.4589,124.16
2002-05-23,0.9233,1.4545,124.84
2002-05-24,0.922,1.4577,124.71
2002-05-28,0.9285,1.4618,124.38
2002-05-29,0.9313,1.46,124.35
2002-05-30,0.9373,1.4655,123.08
2002-05-31,0.9339,1.4625,124.13
2002-06-03,0.939,1.4622,123.69
2002-06-04,0.9424,1.4605,123.95
2002-06-05,0.9391,1.4574,124.4
2002-06-06,0.9457,1.4593,124.34
2002-06-07,0.9449,1.4604,124.49
2002-06-10,0.9446,1.461,124.6
2002-06-11,0.9445,1.4686,125.56
2002-06-12,0.9473,1.4705,125.64
2002-06-13,0.944,1.4709,125.12
2002-06-14,0.9448,1.4735,124.25
2002-06-17,0.9442,1.4782,124.37
2002-06-18,0.9483,1.4868,124.56
2002-06-19,0.9544,1.4873,124.04
2002-06-20,0.9646,1.4982,123.33
2002-06-21,0.9705,1.4987,121.23
2002-06-24,0.9786,1.5056,121.28
2002-06-25,0.9692,1.4999,121.9
2002-06-26,0.9825,1.5217,119.83
2002-06-27,0.9885,1.5285,119.38
2002-06-28,0.9856,1.5245,119.85
2002-07-01,0.9893,1.5307,120.04
2002-07-02,0.984,1.53,120.13
2002-07-03,0.9816,1.5268,119.77
2002-07-05,0.973,1.5206,120.19
2002-07-08,0.9869,1.5348,118.66
2002-07-09,0.9938,1.5465,117.85
2002-07-10,0.989,1.5483,117.94
2002-07-11,0.9927,1.5545,116.62
2002-07-12,0.9904,1.55,116.73
2002-07-15,1.0072,1.5656,116.06
2002-07-16,1.0087,1.5693,115.71
2002-07-17,1.0078,1.5682,116.24
2002-07-18,1.0067,1.5685,117.02
2002-07-19,1.0156,1.5785,115.73
2002-07-22,1.0098,1.58,116.22
2002-07-23,0.9933,1.5657,117.35
2002-07-24,0.9945,1.5745,116.33
2002-07-25,0.9997,1.5754,116.87
2002-07-26,0.9882,1.5635,118.78
2002-07-29,0.9779,1.557,119.87
2002-07-30,0.9879,1.5725,119.9
2002-07-31,0.9796,1.5625,119.77
2002-08-01,0.9843,1.5578,119.1
2002-08-02,0.9882,1.5709,118.98
2002-08-05,0.9846,1.5665,119.26
2002-08-06,0.964,1.5382,121.14
2002-08-07,0.9738,1.5354,120.37
2002-08-08,0.9653,1.5278,121.04
2002-08-09,0.9714,1.5235,120.15
2002-08-12,0.9778,1.5317,118.85
2002-08-13,0.9787,1.531,119.08
2002-08-14,0.9867,1.5442,116.53
2002-08-15,0.9816,1.536,117.28
2002-08-16,0.9836,1.5372,117.51
2002-08-19,0.9775,1.5272,118.53
2002-08-20,0.9779,1.5266,118.84
2002-08-21,0.9796,1.5295,118.54
2002-08-22,0.9697,1.5192,119.85
2002-08-23,0.9726,1.5215,119.53
2002-08-26,0.9731,1.5236,119.54
2002-08-27,0.9814,1.5305,118.31
2002-08-28,0.982,1.5363,118.31
2002-08-29,0.9829,1.5484,118.34
2002-08-30,0.9806,1.5476,118.76
2002-09-03,0.9959,1.5625,117.12
2002-09-04,0.9923,1.5642,118.01
2002-09-05,0.9911,1.566,118.34
2002-09-06,0.9843,1.5597,118.48
2002-09-09,0.9817,1.5585,118.85
2002-09-10,0.9752,1.5544,119.78
2002-09-11,0.9724,1.5492,120.64
2002-09-12,0.9761,1.5549,120.68
2002-09-13,0.9743,1.5585,121.5
2002-09-16,0.9723,1.544,122.17
2002-09-17,0.9685,1.5343,122.64
2002-09-18,0.9789,1.5525,121.49
2002-09-19,0.9817,1.5545,121.48
2002-09-20,0.9839,1.5558,123.16
2002-09-23,0.9822,1.5575,123.93
2002-09-24,0.9815,1.5565,123.38
2002-09-25,0.9797,1.5625,122.72
2002-09-26,0.9755,1.5563,122.59
2002-09-27,0.9772,1.5548,122.86
2002-09-30,0.9879,1.57,121.74
2002-10-01,0.9859,1.5708,122.73
2002-10-02,0.9842,1.5655,123.21
2002-10-03,0.9871,1.5704,123.04
2002-10-04,0.9821,1.569,123.02
2002-10-07,0.9816,1.5643,124.44
2002-10-08,0.9796,1.5569,124.26
2002-10-09,0.9868,1.5595,123.55
2002-10-10,0.9861,1.5625,123.64
2002-10-11,0.9854,1.5605,124.04
2002-10-15,0.981,1.5542,124.66
2002-10-16,0.9824,1.5543,124.3
2002-10-17,0.9718,1.5525,124.8
2002-10-18,0.9708,1.5461,125.52
2002-10-21,0.9732,1.5418,124.71
2002-10-22,0.9782,1.5463,125.09
2002-10-23,0.9772,1.5499,124.17
2002-10-24,0.9742,1.5478,124.77
2002-10-25,0.9767,1.5533,124.14
2002-10-28,0.9843,1.5602,123.64
2002-10-29,0.9851,1.5585,122.55
2002-10-30,0.9835,1.5568,122.91
2002-10-31,0.9881,1.563,122.78
2002-11-01,0.9971,1.5638,122.16
2002-11-04,0.9953,1.5545,122.46
2002-11-05,0.9994,1.5625,121.84
2002-11-06,0.9974,1.559,122.22
2002-11-07,1.0092,1.5796,121.26
2002-11-08,1.0139,1.5915,119.72
2002-11-12,1.0105,1.5879,119.57
2002-11-13,1.006,1.585,120.28
2002-11-14,1.0034,1.5788,120.45
2002-11-15,1.0082,1.579,120.37
2002-11-18,1.0083,1.579,121.15
2002-11-19,1.0107,1.588,121.65
2002-11-20,1.0024,1.575,122.52
2002-11-21,0.9984,1.5753,122.92
2002-11-22,0.9966,1.5778,122.84
2002-11-25,0.9937,1.5667,122.32
2002-11-26,0.9913,1.5485,121.89
2002-11-27,0.9895,1.544,122.21
2002-11-29,0.9932,1.5553,122.72
2002-12-02,0.9927,1.5555,124.61
2002-12-03,0.9968,1.5687,124.42
2002-12-04,0.9999,1.5682,124.84
2002-12-05,0.9989,1.5708,124.99
2002-12-06,1.0081,1.573,123.69
2002-12-09,1.0088,1.5785,123.36
2002-12-10,1.0073,1.5699,123.66
2002-12-11,1.0083,1.5744,123.46
2002-12-12,1.0189,1.58,122.75
2002-12-13,1.0226,1.5896,120.71
2002-12-16,1.021,1.5905,121.28
2002-12-17,1.0267,1.5963,121.27
2002-12-18,1.0254,1.6,121.12
2002-12-19,1.0217,1.5986,120.86
2002-12-20,1.0268,1.6015,120.52
2002-12-23,1.0217,1.587,120.77
2002-12-24,1.0305,1.5958,120.27
2002-12-26,1.0358,1.5978,120.12
2002-12-27,1.0411,1.6022,119.92
2002-12-30,1.046,1.6044,118.38
2002-12-31,1.0485,1.6095,118.75
2003-01-02,1.0361,1.5975,119.86
2003-01-03,1.0418,1.6045,119.85
2003-01-06,1.0469,1.608,119.06
2003-01-07,1.0419,1.6055,120.18
2003-01-08,1.0447,1.6063,119.35
2003-01-09,1.0467,1.6035,119.57
2003-01-10,1.0535,1.6079,119.44
2003-01-13,1.0535,1.603,119.03
2003-01-14,1.0571,1.607,117.96
2003-01-15,1.0576,1.6029,117.91
2003-01-16,1.0569,1.6073,118.02
2003-01-17,1.066,1.6173,117.88
2003-01-21,1.0677,1.6123,118.57
2003-01-22,1.0729,1.6162,118.15
2003-01-23,1.0767,1.6233,117.83
2003-01-24,1.0825,1.632,117.8
2003-01-27,1.0838,1.6351,118.64
2003-01-28,1.0833,1.64,118.67
2003-01-29,1.0861,1.6457,118.13
2003-01-30,1.0776,1.6482,119.22
2003-01-31,1.0739,1.6448,119.96
2003-02-03,1.0761,1.6405,120.47
2003-02-04,1.0875,1.648,119.75
2003-02-05,1.0842,1.6455,119.78
2003-02-06,1.0828,1.6354,119.93
2003-02-07,1.0801,1.6284,120.4
2003-02-10,1.074,1.6275,121.25
2003-02-11,1.0747,1.6193,121.19
2003-02-12,1.0716,1.6155,121.3
2003-02-13,1.0834,1.6209,120.49
2003-02-14,1.0799,1.6105,120.41
2003-02-18,1.0708,1.5921,118.93
2003-02-19,1.0744,1.5957,118.65
2003-02-20,1.0821,1.5925,118.18
2003-02-21,1.0787,1.5864,118.78
2003-02-24,1.0783,1.586,117.78
2003-02-25,1.0782,1.5727,117.14
2003-02-26,1.0797,1.5806,117.19
2003-02-27,1.0763,1.5798,117.58
2003-02-28,1.0779,1.5737,118.22
2003-03-03,1.0835,1.5755,117.93
2003-03-04,1.0883,1.582,117.96
2003-03-05,1.0967,1.6003,117.32
2003-03-06,1.0997,1.6049,117.22
2003-03-07,1.1014,1.602,116.47
2003-03-10,1.1062,1.6007,116.55
2003-03-11,1.1028,1.6038,117.07
2003-03-12,1.1023,1.6129,117.18
2003-03-13,1.087,1.6057,118.31
2003-03-14,1.0725,1.5821,118.59
2003-03-17,1.0606,1.5682,118.45
2003-03-18,1.0624,1.5624,118.9
2003-03-19,1.059,1.5648,120.13
2003-03-20,1.0613,1.567,120.05
2003-03-21,1.0545,1.566,121.42
2003-03-24,1.0644,1.5748,120.69
2003-03-25,1.0673,1.5707,120.03
2003-03-26,1.0677,1.5742,120.13
2003-03-27,1.0708,1.5676,119.78
2003-03-28,1.0762,1.5673,120.18
2003-03-31,1.09,1.579,118.07
2003-04-01,1.0904,1.5767,118.25
2003-04-02,1.0765,1.5659,119.17
2003-04-03,1.0736,1.5718,119.55
2003-04-04,1.0711,1.5597,120.05
2003-04-07,1.0621,1.55,120.41
2003-04-08,1.0684,1.5507,119.91
2003-04-09,1.0722,1.5562,120.55
2003-04-10,1.0803,1.5719,119.58
2003-04-11,1.0751,1.5713,120.47
2003-04-14,1.0773,1.5713,120.3
2003-04-15,1.0801,1.5705,120.2
2003-04-16,1.0872,1.574,120.04
2003-04-17,1.0907,1.5748,119.3
2003-04-18,1.0882,1.5733,119.72
2003-04-21,1.0857,1.5592,120.55
2003-04-22,1.0966,1.5768,119.68
2003-04-23,1.0949,1.5815,120.33
2003-04-24,1.1039,1.5971,119.83
2003-04-25,1.104,1.5915,120.25
2003-04-28,1.0999,1.5906,120.34
2003-04-29,1.101,1.5904,120.14
2003-04-30,1.118,1.6,119.07
2003-05-01,1.1238,1.6103,118.56
2003-05-02,1.12,1.602,119.1
2003-05-05,1.1271,1.606,118.64
2003-05-06,1.1354,1.614,117.94
2003-05-07,1.134,1.593,116.51
2003-05-08,1.1453,1.6034,116.65
2003-05-09,1.1498,1.6045,117.2
2003-05-12,1.1557,1.6095,116.94
2003-05-13,1.1499,1.6092,116.56
2003-05-14,1.1498,1.6163,116.16
2003-05-15,1.1457,1.6262,115.94
2003-05-16,1.1542,1.6241,116.01
2003-05-19,1.1686,1.6352,116.58
2003-05-20,1.1685,1.6393,116.77
2003-05-21,1.1707,1.6415,117.23
2003-05-22,1.17,1.6346,117.25
2003-05-23,1.1786,1.6376,116.89
2003-05-27,1.1853,1.64,117.12
2003-05-28,1.1742,1.635,118.73
2003-05-29,1.1835,1.6484,118.45
2003-05-30,1.1766,1.6393,119.5
2003-06-02,1.1744,1.6372,118.52
2003-06-03,1.1702,1.6278,119.27
2003-06-04,1.1708,1.6333,118.6
2003-06-05,1.187,1.6597,117.61
2003-06-06,1.1695,1.6622,118.83
2003-06-09,1.1743,1.6452,118.11
2003-06-10,1.1686,1.6523,117.68
2003-06-11,1.1764,1.6675,117.69
2003-06-12,1.1767,1.6682,117.66
2003-06-13,1.183,1.6676,117.46
2003-06-16,1.1843,1.6815,117.79
2003-06-17,1.1812,1.684,118.2
2003-06-18,1.171,1.6798,118.4
2003-06-19,1.1678,1.674,118.74
2003-06-20,1.1616,1.6644,118.39
2003-06-23,1.1548,1.6682,117.55
2003-06-24,1.1498,1.6607,117.96
2003-06-25,1.1592,1.6787,117.54
2003-06-26,1.1429,1.664,119.32
2003-06-27,1.1423,1.6492,119.72
2003-06-30,1.1502,1.6529,119.87
2003-07-01,1.158,1.6626,119.45
2003-07-02,1.1524,1.6646,118.63
2003-07-03,1.1503,1.6718,118.24
2003-07-07,1.1341,1.6515,118.08
2003-07-08,1.1265,1.6326,118.58
2003-07-09,1.1311,1.6306,117.85
2003-07-10,1.139,1.6326,117.69
2003-07-11,1.1304,1.6323,117.8
2003-07-14,1.1298,1.6238,117.54
2003-07-15,1.1233,1.5986,117.24
2003-07-16,1.1209,1.5952,118.24
2003-07-17,1.1164,1.5893,118.87
2003-07-18,1.1239,1.5867,118.4
2003-07-21,1.1346,1.601,118.35
2003-07-22,1.1325,1.5978,119.34
2003-07-23,1.1484,1.609,118.77
2003-07-24,1.1441,1.611,119.25
2003-07-25,1.1513,1.6198,118.82
2003-07-28,1.1497,1.6272,119.42
2003-07-29,1.1466,1.6225,119.78
2003-07-30,1.1367,1.6167,120.55
2003-07-31,1.1231,1.609,120.42
2003-08-01,1.1252,1.6045,120.0
2003-08-04,1.1337,1.608,120.47
2003-08-05,1.1349,1.6085,119.95
2003-08-06,1.1357,1.6081,120.33
2003-08-07,1.139,1.617,118.91
2003-08-08,1.1321,1.608,119.02
2003-08-11,1.1349,1.6068,118.36
2003-08-12,1.1304,1.6028,118.53
2003-08-13,1.1317,1.6082,119.07
2003-08-14,1.1249,1.6,119.14
2003-08-15,1.1255,1.5958,119.24
2003-08-18,1.1138,1.5891,119.43
2003-08-19,1.1117,1.5872,119.26
2003-08-20,1.1104,1.5922,118.23
2003-08-21,1.0976,1.5845,117.58
2003-08-22,1.0871,1.5755,117.58
2003-08-25,1.0892,1.5728,117.43
2003-08-26,1.0893,1.5732,117.49
2003-08-27,1.0906,1.5746,117.74
2003-08-28,1.0896,1.577,117.44
2003-08-29,1.0986,1.5773,116.71
2003-09-02,1.0872,1.574,116.15
2003-09-03,1.0845,1.5732,116.04
2003-09-04,1.0899,1.5785,116.77
2003-09-05,1.1073,1.5891,117.06
2003-09-08,1.1124,1.5858,116.48
2003-09-09,1.119,1.5909,116.33
2003-09-10,1.1195,1.5897,117.13
2003-09-11,1.1186,1.5937,117.07
2003-09-12,1.1307,1.6062,117.38
2003-09-15,1.1304,1.6018,117.41
2003-09-16,1.1166,1.5871,116.27
2003-09-17,1.1239,1.6044,115.99
2003-09-18,1.124,1.6155,115.27
2003-09-19,1.1346,1.6315,113.99
2003-09-22,1.1468,1.6472,111.95
2003-09-23,1.1487,1.656,111.65
2003-09-24,1.1472,1.6558,111.7
2003-09-25,1.1484,1.6587,111.86
2003-09-26,1.1482,1.6597,111.8
2003-09-29,1.1578,1.6642,111.07
2003-09-30,1.165,1.662,111.43
2003-10-01,1.1708,1.6667,110.61
2003-10-02,1.1717,1.675,110.59
2003-10-03,1.1596,1.663,110.9
2003-10-06,1.1706,1.6742,110.81
2003-10-07,1.1784,1.6628,109.81
2003-10-08,1.1805,1.6598,109.55
2003-10-09,1.1695,1.6609,109.34
2003-10-10,1.1812,1.6654,108.57
2003-10-14,1.1724,1.6737,109.29
2003-10-15,1.1652,1.6698,109.56
2003-10-16,1.1665,1.676,109.36
2003-10-17,1.163,1.6721,109.57
2003-10-20,1.1671,1.6749,110.22
2003-10-21,1.1676,1.6746,109.69
2003-10-22,1.1805,1.6935,108.95
2003-10-23,1.1795,1.6943,109.59
2003-10-24,1.1833,1.6972,109.23
2003-10-27,1.1762,1.6952,108.38
2003-10-28,1.1689,1.6956,108.33
2003-10-29,1.1673,1.6988,108.18
2003-10-30,1.1694,1.7025,108.27
2003-10-31,1.1609,1.6956,110.1
2003-11-03,1.1454,1.6786,111.2
2003-11-04,1.1497,1.6802,109.6
2003-11-05,1.1473,1.678,109.91
2003-11-06,1.1417,1.6693,110.15
2003-11-07,1.1505,1.6708,109.29
2003-11-10,1.1515,1.6737,107.98
2003-11-12,1.1647,1.677,108.55
2003-11-13,1.1711,1.688,108.33
2003-11-14,1.1743,1.6841,108.43
2003-11-17,1.1744,1.6885,108.98
2003-11-18,1.1893,1.6998,108.11
2003-11-19,1.1909,1.6982,109.06
2003-11-20,1.1895,1.7024,108.99
2003-11-21,1.1913,1.7025,108.87
2003-11-24,1.1768,1.695,109.39
2003-11-25,1.1785,1.6983,109.72
2003-11-26,1.1918,1.709,109.11
2003-11-28,1.1995,1.7219,109.53
2003-12-01,1.1956,1.7209,109.61
2003-12-02,1.2084,1.7291,108.82
2003-12-03,1.2093,1.7248,108.17
2003-12-04,1.2077,1.72,108.19
2003-12-05,1.2157,1.727,107.78
2003-12-08,1.2217,1.7334,107.23
2003-12-09,1.2229,1.743,107.3
2003-12-10,1.2215,1.7446,108.4
2003-12-11,1.2164,1.7445,108.23
2003-12-12,1.2284,1.7466,107.73
2003-12-15,1.229,1.745,107.52
2003-12-16,1.2328,1.751,107.6
2003-12-17,1.2381,1.7615,107.42
2003-12-18,1.2376,1.7673,107.92
2003-12-19,1.238,1.7675,107.94
2003-12-22,1.2415,1.7635,107.4
2003-12-23,1.2406,1.765,107.44
2003-12-24,1.2464,1.7748,107.29
2003-12-26,1.2441,1.7725,107.18
2003-12-29,1.2485,1.7705,106.93
2003-12-30,1.2521,1.7786,107.0
2003-12-31,1.2597,1.7842,107.13
2004-01-02,1.2592,1.7902,106.95
2004-01-05,1.2679,1.8085,106.1
2004-01-06,1.2773,1.8245,106.2
2004-01-07,1.2665,1.8193,106.19
2004-01-08,1.2772,1.8338,106.17
2004-01-09,1.2853,1.8472,106.54
2004-01-12,1.2802,1.8511,106.48
2004-01-13,1.2735,1.8432,106.25
2004-01-14,1.2726,1.8409,106.06
2004-01-15,1.2588,1.8205,106.1
2004-01-16,1.2395,1.7996,106.87
2004-01-20,1.2584,1.8187,107.17
2004-01-21,1.2617,1.8295,106.84
2004-01-22,1.2717,1.8446,106.08
2004-01-23,1.261,1.8203,106.21
2004-01-26,1.2552,1.82,106.15
2004-01-27,1.2643,1.8277,105.56
2004-01-28,1.262,1.837,105.52
2004-01-29,1.2389,1.8112,106.09
2004-01-30,1.2452,1.8215,105.84
2004-02-02,1.2426,1.8182,105.59
2004-02-03,1.2561,1.838,105.36
2004-02-04,1.2552,1.8335,105.53
2004-02-05,1.2606,1.8378,105.52
2004-02-06,1.2694,1.8459,105.57
2004-02-09,1.2672,1.858,105.68
2004-02-10,1.2727,1.8697,105.55
2004-02-11,1.2815,1.885,105.37
2004-02-12,1.2807,1.891,105.42
2004-02-13,1.2751,1.883,105.6
2004-02-17,1.2848,1.9045,105.8
2004-02-18,1.2812,1.9023,106.37
2004-02-19,1.2685,1.8921,107.09
2004-02-20,1.2563,1.8668,108.83
2004-02-23,1.2569,1.8686,108.22
2004-02-24,1.2692,1.8901,108.11
2004-02-25,1.2503,1.8757,108.99
2004-02-26,1.2444,1.8609,109.59
2004-02-27,1.2441,1.8575,109.26
2004-03-01,1.2431,1.868,108.93
2004-03-02,1.2212,1.8386,110.27
2004-03-03,1.2088,1.8192,110.25
2004-03-04,1.2225,1.825,110.74
2004-03-05,1.2401,1.8428,111.42
2004-03-08,1.2371,1.8471,112.12
2004-03-09,1.2428,1.8395,111.2
2004-03-10,1.2226,1.8,111.04
2004-03-11,1.2268,1.8008,110.89
2004-03-12,1.2191,1.7943,110.82
2004-03-15,1.2243,1.7993,110.48
2004-03-16,1.227,1.8105,108.95
2004-03-17,1.2197,1.8132,108.18
2004-03-18,1.2392,1.8363,106.6
2004-03-19,1.2269,1.827,106.97
2004-03-22,1.2368,1.8485,106.84
2004-03-23,1.2311,1.8502,106.63
2004-03-24,1.2213,1.8351,106.23
2004-03-25,1.217,1.8099,106.06
2004-03-26,1.2092,1.8104,105.93
2004-03-29,1.2141,1.8163,105.52
2004-03-30,1.2202,1.8283,105.61
2004-03-31,1.2292,1.84,104.18
2004-04-01,1.2358,1.8564,103.7
2004-04-02,1.2109,1.8293,104.55
2004-04-05,1.2008,1.814,105.36
2004-04-06,1.2089,1.8374,105.9
2004-04-07,1.2171,1.841,105.2
2004-04-08,1.2088,1.8325,106.1
2004-04-09,1.2102,1.8322,106.45
2004-04-12,1.2068,1.8358,105.5
2004-04-13,1.1923,1.816,106.96
2004-04-14,1.194,1.7902,108.53
2004-04-15,1.1914,1.7785,108.58
2004-04-16,1.2025,1.8004,107.69
2004-04-19,1.2019,1.8055,108.5
2004-04-20,1.191,1.7914,108.43
2004-04-21,1.1853,1.772,109.55
2004-04-22,1.1861,1.7684,109.85
2004-04-23,1.1802,1.7674,109.38
2004-04-26,1.1851,1.7857,108.55
2004-04-27,1.1927,1.7925,109.48
2004-04-28,1.183,1.772,109.85
2004-04-29,1.1945,1.7751,109.96
2004-04-30,1.1975,1.7744,110.37
2004-05-03,1.1937,1.772,110.34
2004-05-04,1.2076,1.7907,110.02
2004-05-05,1.2165,1.7932,108.5
2004-05-06,1.209,1.7941,109.58
2004-05-07,1.1885,1.7842,112.3
2004-05-10,1.1834,1.7723,114.03
2004-05-11,1.1818,1.7544,113.67
2004-05-12,1.1911,1.7743,113.21
2004-05-13,1.1801,1.7584,114.25
2004-05-14,1.1874,1.7572,114.3
2004-05-17,1.2009,1.7695,114.1
2004-05-18,1.1971,1.7695,114.06
2004-05-19,1.2015,1.7827,112.77
2004-05-20,1.1926,1.771,113.18
2004-05-21,1.2009,1.788,112.09
2004-05-24,1.1978,1.7908,112.66
2004-05-25,1.2107,1.8135,112.21
2004-05-26,1.2102,1.8142,111.7
2004-05-27,1.2274,1.8369,110.77
2004-05-28,1.2217,1.833,110.18
2004-06-01,1.221,1.8359,110.45
2004-06-02,1.225,1.8381,110.28
2004-06-03,1.2205,1.8387,111.14
2004-06-04,1.2258,1.8367,111.27
2004-06-07,1.232,1.8386,109.61
2004-06-08,1.2273,1.8361,109.77
2004-06-09,1.2097,1.8292,109.74
2004-06-10,1.211,1.838,109.33
2004-06-11,1.2011,1.8175,110.09
2004-06-14,1.2073,1.8148,111.15
2004-06-15,1.2139,1.8278,109.59
2004-06-16,1.2006,1.8262,110.15
2004-06-17,1.204,1.8341,109.63
2004-06-18,1.2118,1.8368,108.65
2004-06-21,1.211,1.831,108.57
2004-06-22,1.2092,1.8217,109.0
2004-06-23,1.209,1.8184,108.64
2004-06-24,1.217,1.8216,107.1
2004-06-25,1.2145,1.8218,107.82
2004-06-28,1.2193,1.8294,107.95
2004-06-29,1.2124,1.809,108.18
2004-06-30,1.2179,1.8126,109.43
2004-07-01,1.2158,1.816,108.24
2004-07-02,1.2307,1.83,108.6
2004-07-06,1.229,1.8423,109.24
2004-07-07,1.2384,1.8571,108.38
2004-07-08,1.239,1.8566,108.76
2004-07-09,1.2388,1.8555,108.21
2004-07-12,1.2409,1.864,108.24
2004-07-13,1.2302,1.854,109.37
2004-07-14,1.2385,1.8564,109.13
2004-07-15,1.2373,1.8545,109.52
2004-07-16,1.2437,1.8708,108.77
2004-07-19,1.2431,1.8734,108.28
2004-07-20,1.2377,1.8556,108.38
2004-07-21,1.2224,1.8354,110.1
2004-07-22,1.2273,1.847,109.68
2004-07-23,1.2122,1.8321,110.11
2004-07-26,1.2135,1.8393,110.08
2004-07-27,1.2056,1.8219,111.09
2004-07-28,1.2046,1.8222,111.78
2004-07-29,1.207,1.8174,111.88
2004-07-30,1.2032,1.8183,111.39
2004-08-02,1.2034,1.8273,111.08
2004-08-03,1.2051,1.8243,110.6
2004-08-04,1.2057,1.8248,111.29
2004-08-05,1.205,1.8231,111.53
2004-08-06,1.2272,1.8459,110.05
2004-08-09,1.2261,1.8403,110.57
2004-08-10,1.2306,1.8387,110.79
2004-08-11,1.2222,1.828,110.78
2004-08-12,1.2224,1.821,111.14
2004-08-13,1.2354,1.8432,110.67
2004-08-16,1.2333,1.8392,110.64
2004-08-17,1.2329,1.8288,110.07
2004-08-18,1.2299,1.8225,109.71
2004-08-19,1.2368,1.8313,109.34
2004-08-20,1.2324,1.8213,109.32
2004-08-23,1.2196,1.8143,109.47
2004-08-24,1.2099,1.7935,109.63
2004-08-25,1.209,1.7965,110.38
2004-08-26,1.2084,1.7939,109.73
2004-08-27,1.2025,1.7921,109.51
2004-08-30,1.2049,1.7925,109.84
2004-08-31,1.2183,1.8031,109.0
2004-09-01,1.2179,1.794,109.62
2004-09-02,1.2164,1.7916,109.52
2004-09-03,1.2052,1.7759,110.47
2004-09-07,1.2093,1.7733,109.32
2004-09-08,1.2164,1.7882,109.22
2004-09-09,1.2189,1.7853,109.69
2004-09-10,1.2282,1.7979,109.33
2004-09-13,1.2251,1.7956,110.13
2004-09-14,1.2268,1.8001,109.4
2004-09-15,1.2144,1.7772,110.34
2004-09-16,1.2154,1.7909,109.75
2004-09-17,1.2174,1.7921,109.97
2004-09-20,1.2172,1.788,109.87
2004-09-21,1.2264,1.7946,109.94
2004-09-22,1.2261,1.7949,110.53
2004-09-23,1.2298,1.8003,110.39
2004-09-24,1.2256,1.8031,110.72
2004-09-27,1.2307,1.8076,111.13
2004-09-28,1.2306,1.8105,111.48
2004-09-29,1.2308,1.797,110.9
2004-09-30,1.2417,1.809,110.2
2004-10-01,1.24,1.7976,110.45
2004-10-04,1.2274,1.7827,111.13
2004-10-05,1.2316,1.7828,111.21
2004-10-06,1.2298,1.779,111.34
2004-10-07,1.2286,1.7822,111.15
2004-10-08,1.2418,1.7935,109.44
2004-10-12,1.232,1.7879,109.79
2004-10-13,1.2271,1.789,109.78
2004-10-14,1.2393,1.7972,109.6
2004-10-15,1.2478,1.8048,109.14
2004-10-18,1.252,1.801,109.23
2004-10-19,1.2515,1.8039,108.36
2004-10-20,1.2627,1.8187,108.16
2004-10-21,1.2622,1.8297,107.43
2004-10-22,1.2639,1.8277,107.42
2004-10-25,1.2783,1.8404,106.61
2004-10-26,1.2758,1.8369,106.63
2004-10-27,1.2725,1.8323,106.67
2004-10-28,1.2759,1.832,106.09
2004-10-29,1.2746,1.8345,106.04
2004-11-01,1.2741,1.8323,106.41
2004-11-02,1.2703,1.8385,106.29
2004-11-03,1.2787,1.8445,106.2
2004-11-04,1.2883,1.844,106.02
2004-11-05,1.2938,1.8542,105.6
2004-11-08,1.2936,1.8564,105.57
2004-11-09,1.293,1.8589,105.57
2004-11-10,1.2925,1.8476,106.91
2004-11-12,1.2973,1.8552,105.53
2004-11-15,1.2944,1.848,105.53
2004-11-16,1.2979,1.8544,105.35
2004-11-17,1.3031,1.858,104.18
2004-11-18,1.2982,1.8514,104.23
2004-11-19,1.3059,1.86,102.8
2004-11-22,1.3048,1.859,103.2
2004-11-23,1.309,1.8713,103.42
2004-11-24,1.3162,1.8813,102.94
2004-11-26,1.3288,1.8965,102.58
2004-11-29,1.3286,1.8948,102.61
2004-11-30,1.3259,1.9073,103.04
2004-12-01,1.3308,1.9297,102.78
2004-12-02,1.3268,1.9225,103.11
2004-12-03,1.339,1.9375,102.56
2004-12-06,1.3431,1.9423,102.68
2004-12-07,1.3437,1.9459,102.74
2004-12-08,1.3252,1.9283,104.74
2004-12-09,1.3274,1.9185,104.93
2004-12-10,1.3224,1.9134,105.45
2004-12-13,1.3309,1.9235,104.67
2004-12-14,1.328,1.9239,105.59
2004-12-15,1.3429,1.9446,104.02
2004-12-16,1.3287,1.9375,104.36
2004-12-17,1.3295,1.939,104.28
2004-12-20,1.3396,1.9482,104.01
2004-12-21,1.3377,1.9263,104.33
2004-12-22,1.339,1.9125,103.95
2004-12-23,1.3491,1.9193,103.71
2004-12-24,1.3536,1.9236,103.65
2004-12-27,1.3625,1.9369,102.97
2004-12-28,1.3621,1.9316,103.13
2004-12-29,1.3568,1.9157,104.19
2004-12-30,1.3623,1.922,103.11
2004-12-31,1.3538,1.916,102.68
2005-01-03,1.3476,1.9058,102.83
2005-01-04,1.3295,1.8834,104.27
2005-01-05,1.3292,1.8875,103.95
2005-01-06,1.3187,1.8751,104.87
2005-01-07,1.3062,1.8702,104.93
2005-01-10,1.3109,1.8751,104.32
2005-01-11,1.3161,1.8796,103.42
2005-01-12,1.3281,1.8932,102.26
2005-01-13,1.3207,1.8832,102.55
2005-01-14,1.3106,1.8695,102.5
2005-01-18,1.3043,1.8693,102.36
2005-01-19,1.3036,1.8742,102.52
2005-01-20,1.2959,1.872,103.31
2005-01-21,1.3049,1.874,102.85
2005-01-24,1.3041,1.8778,102.67
2005-01-25,1.2954,1.8647,104.16
2005-01-26,1.3081,1.8833,102.9
2005-01-27,1.3032,1.8866,103.15
2005-01-28,1.3033,1.885,103.45
2005-01-31,1.3049,1.885,103.55
2005-02-01,1.3017,1.8792,103.93
2005-02-02,1.3015,1.8826,104.05
2005-02-03,1.2959,1.8805,104.55
2005-02-04,1.2927,1.885,103.7
2005-02-07,1.2773,1.8607,104.68
2005-02-08,1.2783,1.857,105.65
2005-02-09,1.2797,1.8582,105.84
2005-02-10,1.2882,1.8708,105.69
2005-02-11,1.2864,1.866,105.75
2005-02-14,1.2981,1.8917,104.94
2005-02-15,1.2986,1.8894,104.47
2005-02-16,1.2994,1.878,105.62
2005-02-17,1.3083,1.895,105.4
2005-02-18,1.3075,1.8949,105.69
2005-02-22,1.323,1.9092,104.15
2005-02-23,1.3208,1.9066,104.96
2005-02-24,1.3205,1.9104,105.41
2005-02-25,1.3195,1.9149,105.21
2005-02-28,1.3274,1.9249,104.25
2005-03-01,1.3189,1.9206,104.37
2005-03-02,1.3127,1.9124,104.71
2005-03-03,1.313,1.9098,105.02
2005-03-04,1.3244,1.9243,104.46
2005-03-07,1.3203,1.9159,105.22
2005-03-08,1.3342,1.9292,104.51
2005-03-09,1.3384,1.9239,103.87
2005-03-10,1.3409,1.9233,104.15
2005-03-11,1.3465,1.9261,103.93
2005-03-14,1.3346,1.9116,105.01
2005-03-15,1.3315,1.9134,104.54
2005-03-16,1.3423,1.9264,104.1
2005-03-17,1.3373,1.924,104.57
2005-03-18,1.3311,1.9192,104.7
2005-03-21,1.3165,1.8974,105.1
2005-03-22,1.321,1.8997,104.99
2005-03-23,1.3005,1.8712,105.76
2005-03-24,1.2957,1.8709,106.26
2005-03-25,1.2954,1.8684,106.32
2005-03-28,1.2877,1.8657,107.22
2005-03-29,1.2913,1.8752,107.49
2005-03-30,1.2944,1.8816,107.33
2005-03-31,1.2969,1.8888,107.22
2005-04-01,1.2896,1.8789,107.57
2005-04-04,1.2838,1.8733,108.28
2005-04-05,1.2842,1.8773,108.43
2005-04-06,1.2868,1.8787,108.67
2005-04-07,1.2906,1.8768,108.44
2005-04-08,1.2912,1.8824,108.26
2005-04-11,1.2972,1.8908,107.79
2005-04-12,1.2873,1.8842,108.26
2005-04-13,1.2918,1.893,107.32
2005-04-14,1.2819,1.8806,108.18
2005-04-15,1.2928,1.893,107.65
2005-04-18,1.3037,1.9052,107.39
2005-04-19,1.3034,1.9165,107.02
2005-04-20,1.308,1.9197,106.82
2005-04-21,1.3093,1.9104,106.85
2005-04-22,1.3068,1.9151,105.85
2005-04-25,1.2984,1.9117,105.67
2005-04-26,1.2964,1.904,106.03
2005-04-27,1.2938,1.9047,105.98
2005-04-28,1.2916,1.9097,105.97
2005-04-29,1.2919,1.9122,104.64
2005-05-02,1.2857,1.8959,105.07
2005-05-03,1.2889,1.891,105.16
2005-05-04,1.2936,1.9,104.77
2005-05-05,1.2936,1.9048,104.41
2005-05-06,1.2832,1.892,104.93
2005-05-09,1.2839,1.8836,105.54
2005-05-10,1.2877,1.8828,105.53
2005-05-11,1.2803,1.8735,105.74
2005-05-12,1.2706,1.865,106.68
2005-05-13,1.2645,1.853,107.14
2005-05-16,1.263,1.8368,107.02
2005-05-17,1.2644,1.8401,107.15
2005-05-18,1.266,1.8382,107.05
2005-05-19,1.2628,1.8367,107.43
2005-05-20,1.2553,1.8246,108.17
2005-05-23,1.2575,1.8288,107.72
2005-05-24,1.2588,1.8288,107.46
2005-05-25,1.2602,1.8312,107.73
2005-05-26,1.2517,1.8205,107.95
2005-05-27,1.2568,1.8227,107.88
2005-05-31,1.2349,1.8231,107.97
2005-06-01,1.2232,1.812,108.42
2005-06-02,1.2266,1.8156,108.31
2005-06-03,1.2227,1.8119,107.84
2005-06-06,1.2268,1.8209,106.86
2005-06-07,1.2277,1.832,106.64
2005-06-08,1.232,1.8368,106.89
2005-06-09,1.2216,1.8209,107.52
2005-06-10,1.2127,1.8128,108.45
2005-06-13,1.2035,1.8011,109.58
2005-06-14,1.2038,1.8062,109.38
2005-06-15,1.2106,1.8219,109.34
2005-06-16,1.2089,1.8206,109.08
2005-06-17,1.224,1.8266,108.83
2005-06-20,1.214,1.8231,109.42
2005-06-21,1.2134,1.824,108.52
2005-06-22,1.213,1.8218,108.89
2005-06-23,1.2054,1.818,108.79
2005-06-24,1.2088,1.8221,109.22
2005-06-27,1.2152,1.8252,109.39
2005-06-28,1.2078,1.8157,109.89
2005-06-29,1.2101,1.808,110.27
2005-06-30,1.2098,1.793,110.91
2005-07-01,1.1957,1.7708,111.68
2005-07-05,1.1917,1.757,111.61
2005-07-06,1.1918,1.7583,112.07
2005-07-07,1.1928,1.7418,112.08
2005-07-08,1.1934,1.736,112.17
2005-07-11,1.2066,1.7563,111.76
2005-07-12,1.22,1.7753,110.94
2005-07-13,1.209,1.7554,112.08
2005-07-14,1.2089,1.7585,112.14
2005-07-15,1.2037,1.7533,112.32
2005-07-18,1.2077,1.7523,111.62
2005-07-19,1.2001,1.7364,112.95
2005-07-20,1.2046,1.7303,113.42
2005-07-21,1.2113,1.7471,110.47
2005-07-22,1.2079,1.7413,110.98
2005-07-25,1.2054,1.7455,111.59
2005-07-26,1.2007,1.7415,112.3
2005-07-27,1.2048,1.7438,112.3
2005-07-28,1.2121,1.7547,112.34
2005-07-29,1.2129,1.7593,112.25
2005-08-01,1.2195,1.7695,112.12
2005-08-02,1.2209,1.7728,111.28
2005-08-03,1.2337,1.7808,111.05
2005-08-04,1.2383,1.7797,111.17
2005-08-05,1.2327,1.7748,112.09
2005-08-08,1.2361,1.7863,111.87
2005-08-09,1.2347,1.7844,112.07
2005-08-10,1.2345,1.7922,110.67
2005-08-11,1.2434,1.8071,109.92
2005-08-12,1.2428,1.8148,109.55
2005-08-15,1.2362,1.8088,109.4
2005-08-16,1.2342,1.8096,109.37
2005-08-17,1.229,1.8076,109.63
2005-08-18,1.2178,1.7949,110.54
2005-08-19,1.2147,1.7933,110.68
2005-08-22,1.2235,1.8022,109.75
2005-08-23,1.2213,1.7996,109.83
2005-08-24,1.2239,1.7965,110.35
2005-08-25,1.2311,1.8045,109.9
2005-08-26,1.2324,1.8066,109.85
2005-08-29,1.2248,1.8006,110.53
2005-08-30,1.2204,1.784,111.49
2005-08-31,1.233,1.8012,110.84
2005-09-01,1.2447,1.8279,110.16
2005-09-02,1.2538,1.8403,109.66
2005-09-06,1.2483,1.842,109.67
2005-09-07,1.2439,1.8394,110.06
2005-09-08,1.24,1.8388,110.49
2005-09-09,1.2433,1.84,109.69
2005-09-12,1.2288,1.8236,109.91
2005-09-13,1.2263,1.8214,110.85
2005-09-14,1.2282,1.8244,110.27
2005-09-15,1.2216,1.8069,110.48
2005-09-16,1.2214,1.8035,111.38
2005-09-19,1.2153,1.8041,111.3
2005-09-20,1.2177,1.8046,111.54
2005-09-21,1.2208,1.8097,111.33
2005-09-22,1.2153,1.7917,111.63
2005-09-23,1.2077,1.7788,112.17
2005-09-26,1.2036,1.7746,112.41
2005-09-27,1.2011,1.7677,113.32
2005-09-28,1.2016,1.7639,113.27
2005-09-29,1.202,1.762,113.14
2005-09-30,1.2058,1.7696,113.29
2005-10-03,1.1914,1.7558,114.17
2005-10-04,1.1918,1.7587,114.33
2005-10-05,1.1984,1.7655,113.72
2005-10-06,1.2133,1.7728,113.54
2005-10-07,1.2115,1.7599,113.82
2005-10-11,1.2015,1.7489,114.21
2005-10-12,1.204,1.7532,114.36
2005-10-13,1.1938,1.7484,114.97
2005-10-14,1.2073,1.7677,114.03
2005-10-17,1.204,1.7553,114.86
2005-10-18,1.1939,1.7487,115.71
2005-10-19,1.1988,1.7627,115.47
2005-10-20,1.1982,1.7712,115.48
2005-10-21,1.1958,1.7692,115.93
2005-10-24,1.1998,1.7711,115.18
2005-10-25,1.2099,1.7855,114.78
2005-10-26,1.2082,1.7766,115.81
2005-10-27,1.2148,1.7836,115.14
2005-10-28,1.2089,1.7781,115.52
2005-10-31,1.1995,1.7689,116.36
2005-11-01,1.1998,1.763,116.63
2005-11-02,1.2067,1.7755,116.76
2005-11-03,1.1971,1.772,117.21
2005-11-04,1.1828,1.751,118.2
2005-11-07,1.1795,1.744,117.57
2005-11-08,1.1773,1.7415,117.1
2005-11-09,1.1748,1.7415,117.51
2005-11-10,1.174,1.7462,118.05
2005-11-14,1.1667,1.7349,118.88
2005-11-15,1.1695,1.7366,118.93
2005-11-16,1.1672,1.7166,119.17
2005-11-17,1.1706,1.719,118.81
2005-11-18,1.1741,1.7147,119.21
2005-11-21,1.1734,1.7165,119.03
2005-11-22,1.1737,1.7138,119.22
2005-11-23,1.1799,1.7214,118.76
2005-11-25,1.1724,1.7155,119.65
2005-11-28,1.1804,1.7221,119.25
2005-11-29,1.1786,1.7203,119.48
2005-11-30,1.179,1.7321,119.66
2005-12-01,1.1702,1.729,120.62
2005-12-02,1.1699,1.7304,120.77
2005-12-05,1.1787,1.7397,120.83
2005-12-06,1.1784,1.7402,120.82
2005-12-07,1.1722,1.735,120.93
2005-12-08,1.183,1.7514,120.27
2005-12-09,1.1824,1.7554,120.54
2005-12-12,1.1969,1.774,119.9
2005-12-13,1.1926,1.7674,120.11
2005-12-14,1.2041,1.7739,116.81
2005-12-15,1.1965,1.7648,116.55
2005-12-16,1.2012,1.7716,115.78
2005-12-19,1.1996,1.7641,116.01
2005-12-20,1.1848,1.7544,117.01
2005-12-21,1.1816,1.7402,117.4
2005-12-22,1.1883,1.7395,116.55
2005-12-23,1.1857,1.7326,116.38
2005-12-27,1.1856,1.7308,117.07
2005-12-28,1.1875,1.7226,117.62
2005-12-29,1.1846,1.7261,117.86
2005-12-30,1.1842,1.7188,117.88
2006-01-03,1.198,1.7404,116.34
2006-01-04,1.2091,1.7588,116.31
2006-01-05,1.2101,1.7566,115.96
2006-01-06,1.2148,1.7697,114.45
2006-01-09,1.2064,1.7645,114.66
2006-01-10,1.2063,1.7645,114.64
2006-01-11,1.2135,1.7643,113.96
2006-01-12,1.2035,1.7612,114.31
2006-01-13,1.2103,1.7715,114.43
2006-01-17,1.2073,1.7628,115.83
2006-01-18,1.2083,1.7622,115.35
2006-01-19,1.211,1.7618,115.07
2006-01-20,1.2101,1.7663,115.42
2006-01-23,1.2276,1.7842,114.67
2006-01-24,1.2287,1.7885,114.54
2006-01-25,1.2252,1.7874,115.73
2006-01-26,1.2229,1.783,116.27
2006-01-27,1.213,1.7733,117.16
2006-01-30,1.2091,1.7688,117.55
2006-01-31,1.2158,1.782,116.88
2006-02-01,1.2092,1.7781,117.85
2006-02-02,1.21,1.7807,118.26
2006-02-03,1.2021,1.7626,118.95
2006-02-06,1.1971,1.7462,118.94
2006-02-07,1.1974,1.7444,118.01
2006-02-08,1.1935,1.7405,118.69
2006-02-09,1.1963,1.7411,118.66
2006-02-10,1.192,1.7454,117.64
2006-02-13,1.1905,1.7438,117.63
2006-02-14,1.1895,1.7343,117.43
2006-02-15,1.1884,1.7401,117.93
2006-02-16,1.1882,1.7354,117.91
2006-02-17,1.1906,1.7403,118.43
2006-02-21,1.1912,1.7447,118.85
2006-02-22,1.1905,1.7425,118.51
2006-02-23,1.1923,1.7522,117.0
2006-02-24,1.1882,1.7448,116.87
2006-02-27,1.186,1.7409,115.97
2006-02-28,1.1925,1.7539,115.82
2006-03-01,1.1899,1.7473,116.18
2006-03-02,1.2003,1.7493,116.07
2006-03-03,1.2028,1.7531,116.46
2006-03-06,1.2002,1.7492,117.46
2006-03-07,1.1888,1.7362,117.76
2006-03-08,1.1914,1.7359,117.9
2006-03-09,1.192,1.7366,117.96
2006-03-10,1.1886,1.7256,119.07
2006-03-13,1.1942,1.731,119.01
2006-03-14,1.2025,1.7479,117.36
2006-03-15,1.2045,1.746,117.3
2006-03-16,1.2151,1.7552,117.13
2006-03-17,1.2197,1.7567,115.89
2006-03-20,1.2168,1.7563,116.25
2006-03-21,1.2079,1.7459,117.23
2006-03-22,1.2095,1.7483,116.72
2006-03-23,1.1984,1.7367,117.6
2006-03-24,1.2034,1.7427,117.5
2006-03-27,1.2015,1.747,116.62
2006-03-28,1.2078,1.7497,117.23
2006-03-29,1.203,1.7356,117.8
2006-03-30,1.2132,1.7448,117.41
2006-03-31,1.2139,1.7393,117.48
2006-04-03,1.2124,1.7389,117.82
2006-04-04,1.2258,1.7559,117.44
2006-04-05,1.2272,1.7497,117.59
2006-04-06,1.2216,1.7504,117.72
2006-04-07,1.2109,1.7407,118.31
2006-04-10,1.2091,1.7405,118.66
2006-04-11,1.2125,1.7467,118.61
2006-04-12,1.2107,1.7508,118.47
2006-04-13,1.2107,1.7529,118.42
2006-04-14,1.2106,1.751,118.65
2006-04-17,1.2267,1.7716,117.68
2006-04-18,1.2274,1.7762,117.75
2006-04-19,1.2345,1.7895,117.58
2006-04-20,1.2326,1.7801,117.49
2006-04-21,1.234,1.7817,116.91
2006-04-24,1.2373,1.7839,114.93
2006-04-25,1.2412,1.7876,114.83
2006-04-26,1.2464,1.7897,114.72
2006-04-27,1.2525,1.8011,114.02
2006-04-28,1.2624,1.822,113.79
2006-05-01,1.2607,1.8286,113.06
2006-05-02,1.2644,1.8397,113.26
2006-05-03,1.2639,1.8446,113.44
2006-05-04,1.2684,1.8485,113.46
2006-05-05,1.2733,1.8588,112.45
2006-05-08,1.272,1.8584,111.55
2006-05-09,1.2747,1.8632,111.31
2006-05-10,1.2799,1.8648,110.55
2006-05-11,1.2855,1.8842,110.26
2006-05-12,1.2888,1.8911,110.49
2006-05-15,1.2826,1.8836,110.21
2006-05-16,1.2817,1.8819,110.07
2006-05-17,1.2722,1.882,110.6
2006-05-18,1.2795,1.8878,110.89
2006-05-19,1.275,1.8755,111.76
2006-05-22,1.285,1.8861,111.62
2006-05-23,1.2844,1.8809,111.35
2006-05-24,1.2747,1.8678,112.8
2006-05-25,1.2777,1.8719,111.92
2006-05-26,1.2739,1.8566,112.58
2006-05-30,1.2868,1.8825,112.18
2006-05-31,1.2833,1.8732,112.26
2006-06-01,1.2824,1.8686,112.43
2006-06-02,1.2912,1.8817,111.66
2006-06-05,1.2953,1.8786,111.7
2006-06-06,1.2828,1.8608,113.26
2006-06-07,1.2799,1.8585,113.35
2006-06-08,1.2648,1.8425,114.22
2006-06-09,1.2636,1.8426,113.89
2006-06-12,1.2587,1.844,114.17
2006-06-13,1.2574,1.8398,115.06
2006-06-14,1.2631,1.8491,114.85
2006-06-15,1.2616,1.8477,115.06
2006-06-16,1.2623,1.8484,115.12
2006-06-19,1.2577,1.8401,115.26
2006-06-20,1.2568,1.8399,115.02
2006-06-21,1.2665,1.846,114.76
2006-06-22,1.2582,1.8306,115.94
2006-06-23,1.2522,1.8204,116.26
2006-06-26,1.2554,1.819,116.38
2006-06-27,1.2589,1.8237,116.26
2006-06-28,1.2532,1.8159,116.42
2006-06-29,1.2534,1.8108,116.17
2006-06-30,1.2779,1.8491,114.51
2006-07-03,1.2793,1.841,114.92
2006-07-05,1.2726,1.8342,115.65
2006-07-06,1.2757,1.8376,115.18
2006-07-07,1.2822,1.8513,113.98
2006-07-10,1.2751,1.842,113.97
2006-07-11,1.2754,1.8431,114.15
2006-07-12,1.2706,1.8347,115.41
2006-07-13,1.2673,1.8404,115.45
2006-07-14,1.2641,1.8364,116.33
2006-07-17,1.2529,1.8203,117.08
2006-07-18,1.25,1.8271,117.44
2006-07-19,1.256,1.8377,117.08
2006-07-20,1.2639,1.8495,116.83
2006-07-21,1.2684,1.8586,116.34
2006-07-24,1.263,1.8492,116.65
2006-07-25,1.2576,1.8407,117.3
2006-07-26,1.2628,1.8474,116.85
2006-07-27,1.2732,1.8627,115.55
2006-07-28,1.2748,1.8645,114.74
2006-07-31,1.2764,1.8685,114.44
2006-08-01,1.2778,1.8711,114.96
2006-08-02,1.2798,1.8781,114.54
2006-08-03,1.2779,1.8847,115.27
2006-08-04,1.2894,1.9098,114.21
2006-08-07,1.2867,1.9102,114.85
2006-08-08,1.2839,1.9077,115.01
2006-08-09,1.2888,1.9089,115.14
2006-08-10,1.2765,1.8888,115.59
2006-08-11,1.2757,1.8952,116.18
2006-08-14,1.2735,1.8902,116.53
2006-08-15,1.2788,1.8948,115.96
2006-08-16,1.2864,1.8999,115.71
2006-08-17,1.287,1.894,115.44
2006-08-18,1.281,1.8808,115.79
2006-08-21,1.2914,1.8968,115.86
2006-08-22,1.2804,1.8881,116.61
2006-08-23,1.2794,1.8929,116.43
2006-08-24,1.276,1.8884,116.38
2006-08-25,1.2767,1.8884,117.31
2006-08-28,1.2784,1.8968,117.15
2006-08-29,1.2768,1.8914,116.92
2006-08-30,1.2825,1.9042,117.07
2006-08-31,1.2793,1.9024,117.35
2006-09-01,1.2833,1.905,117.21
2006-09-05,1.281,1.8926,116.04
2006-09-06,1.2787,1.881,116.73
2006-09-07,1.2757,1.8763,116.3
2006-09-08,1.2673,1.8655,116.89
2006-09-11,1.2699,1.863,117.57
2006-09-12,1.2693,1.8747,117.82
2006-09-13,1.2708,1.8767,117.47
2006-09-14,1.2736,1.8886,117.47
2006-09-15,1.2648,1.8783,117.72
2006-09-18,1.2671,1.8773,118.02
2006-09-19,1.2683,1.8828,117.6
2006-09-20,1.2701,1.8894,117.29
2006-09-21,1.273,1.897,116.76
2006-09-22,1.2796,1.9012,116.45
2006-09-25,1.2747,1.9001,116.43
2006-09-26,1.2687,1.8954,117.16
2006-09-27,1.2699,1.8866,117.53
2006-09-28,1.2697,1.8746,117.84
2006-09-29,1.2687,1.8716,117.99
2006-10-02,1.2744,1.8861,117.66
2006-10-03,1.2727,1.8873,117.84
2006-10-04,1.2687,1.8839,118.02
2006-10-05,1.2687,1.8772,117.69
2006-10-06,1.26,1.8712,118.89
2006-10-10,1.2541,1.8548,119.68
2006-10-11,1.2547,1.8568,119.49
2006-10-12,1.2537,1.8558,119.53
2006-10-13,1.2502,1.8551,119.81
2006-10-16,1.2518,1.8606,119.25
2006-10-17,1.2564,1.8734,118.63
2006-10-18,1.2516,1.8675,119.09
2006-10-19,1.2594,1.876,118.35
2006-10-20,1.2613,1.8828,118.73
2006-10-23,1.2544,1.871,119.32
2006-10-24,1.2565,1.8745,119.25
2006-10-25,1.2591,1.8772,119.13
2006-10-26,1.2669,1.8876,118.62
2006-10-27,1.2725,1.8968,117.61
2006-10-30,1.2717,1.9025,117.38
2006-10-31,1.2773,1.9084,116.82
2006-11-01,1.2771,1.9091,117.01
2006-11-02,1.278,1.9088,117.12
2006-11-03,1.2705,1.9011,118.06
2006-11-06,1.2715,1.8967,118.4
2006-11-07,1.2806,1.9098,117.44
2006-11-08,1.2775,1.9057,117.74
2006-11-09,1.2835,1.9067,117.92
2006-11-10,1.2861,1.912,117.47
2006-11-13,1.281,1.9024,118.14
2006-11-14,1.2812,1.8946,117.72
2006-11-15,1.2808,1.8883,118.06
2006-11-16,1.2808,1.8902,118.12
2006-11-17,1.2823,1.8936,117.73
2006-11-20,1.281,1.8963,118.16
2006-11-21,1.2824,1.8984,118.0
2006-11-22,1.2928,1.9145,116.61
2006-11-24,1.3081,1.9315,115.93
2006-11-27,1.312,1.9368,116.12
2006-11-28,1.3162,1.948,116.14
2006-11-29,1.3146,1.9492,116.29
2006-11-30,1.3261,1.9693,115.55
2006-12-01,1.3316,1.9794,115.33
2006-12-04,1.3327,1.9788,115.37
2006-12-05,1.3327,1.9746,114.98
2006-12-06,1.3307,1.9692,115.07
2006-12-07,1.3296,1.9628,115.13
2006-12-08,1.3215,1.9564,116.23
2006-12-11,1.3223,1.9552,117.02
2006-12-12,1.3233,1.9655,117.15
2006-12-13,1.3215,1.9663,117.43
2006-12-14,1.3174,1.9646,117.61
2006-12-15,1.3095,1.9538,117.84
2006-12-18,1.3073,1.9458,118.14
2006-12-19,1.3194,1.9666,117.93
2006-12-20,1.3183,1.9648,118.39
2006-12-21,1.3175,1.9622,118.26
2006-12-22,1.3131,1.957,118.9
2006-12-26,1.3132,1.9568,118.93
2006-12-27,1.3125,1.9566,118.76
2006-12-28,1.3158,1.9621,118.95
2006-12-29,1.3197,1.9586,119.02
2007-01-02,1.3286,1.9736,118.83
2007-01-03,1.3169,1.9498,119.58
2007-01-04,1.3094,1.9443,119.28
2007-01-05,1.3005,1.9305,118.77
2007-01-08,1.3023,1.9385,118.49
2007-01-09,1.2995,1.94,119.45
2007-01-10,1.294,1.9334,119.52
2007-01-11,1.2904,1.9439,120.49
2007-01-12,1.2926,1.9577,120.36
2007-01-16,1.2918,1.9605,120.64
2007-01-17,1.2948,1.972,120.54
2007-01-18,1.2942,1.9715,121.32
2007-01-19,1.2968,1.9759,121.22
2007-01-22,1.2957,1.9772,121.56
2007-01-23,1.3025,1.9847,121.54
2007-01-24,1.2964,1.9675,120.77
2007-01-25,1.298,1.9703,120.97
2007-01-26,1.2909,1.9598,121.53
2007-01-29,1.2948,1.9592,121.81
2007-01-30,1.2954,1.9617,121.7
2007-01-31,1.2998,1.9611,121.02
2007-02-01,1.3021,1.9686,120.67
2007-02-02,1.296,1.9662,121.02
2007-02-05,1.2933,1.96,120.34
2007-02-06,1.2969,1.9693,120.35
2007-02-07,1.302,1.9699,120.65
2007-02-08,1.3034,1.9586,121.19
2007-02-09,1.3005,1.9512,121.59
2007-02-12,1.2962,1.9474,121.77
2007-02-13,1.3024,1.9443,121.24
2007-02-14,1.3126,1.9628,120.8
2007-02-15,1.314,1.9532,119.49
2007-02-16,1.3137,1.9499,119.23
2007-02-20,1.3134,1.9547,120.1
2007-02-21,1.3126,1.9524,120.99
2007-02-22,1.3134,1.9571,121.3
2007-02-23,1.3164,1.9639,121.1
2007-02-26,1.3159,1.9631,120.76
2007-02-27,1.3246,1.9661,118.67
2007-02-28,1.323,1.9613,118.33
2007-03-01,1.3173,1.9579,117.53
2007-03-02,1.3182,1.9458,116.82
2007-03-05,1.3094,1.9235,116.01
2007-03-06,1.3108,1.927,116.5
2007-03-07,1.3148,1.9315,116.41
2007-03-08,1.3129,1.93,117.35
2007-03-09,1.3118,1.9318,118.15
2007-03-12,1.3186,1.9291,117.51
2007-03-13,1.3199,1.9322,116.96
2007-03-14,1.3227,1.9337,116.33
2007-03-15,1.3249,1.9365,117.26
2007-03-16,1.3307,1.9423,116.77
2007-03-19,1.3299,1.946,117.58
2007-03-20,1.3291,1.958,117.32
2007-03-21,1.3305,1.9596,117.83
2007-03-22,1.3359,1.9672,117.79
2007-03-23,1.3302,1.9632,117.82
2007-03-26,1.3336,1.9694,117.84
2007-03-27,1.3357,1.9664,117.8
2007-03-28,1.3331,1.9611,116.83
2007-03-29,1.3336,1.9627,117.75
2007-03-30,1.3374,1.9685,117.56
2007-04-02,1.3374,1.9786,117.69
2007-04-03,1.3363,1.9781,118.83
2007-04-04,1.3364,1.9756,118.72
2007-04-05,1.3426,1.9708,118.66
2007-04-06,1.338,1.9655,119.33
2007-04-09,1.3367,1.9608,119.28
2007-04-10,1.3436,1.9718,119.07
2007-04-11,1.3436,1.9786,119.36
2007-04-12,1.3484,1.9769,118.99
2007-04-13,1.3518,1.9829,119.27
2007-04-16,1.355,1.9907,119.84
2007-04-17,1.3569,2.0061,118.96
2007-04-18,1.3574,2.0041,118.27
2007-04-19,1.3605,2.0029,118.36
2007-04-20,1.3601,2.0047,118.81
2007-04-23,1.358,2.0017,118.47
2007-04-24,1.3622,2.0028,118.52
2007-04-25,1.3647,2.0042,118.62
2007-04-26,1.359,1.9903,119.5
2007-04-27,1.3625,1.9985,119.59
2007-04-30,1.366,2.0,119.44
2007-05-01,1.36,1.9993,119.77
2007-05-02,1.3598,1.991,120.05
2007-05-03,1.3566,1.9878,120.33
2007-05-04,1.3587,1.9931,120.16
2007-05-07,1.3616,1.9944,119.96
2007-05-08,1.3532,1.9902,119.89
2007-05-09,1.3549,1.9963,119.8
2007-05-10,1.3512,1.9833,120.37
2007-05-11,1.3519,1.9824,120.19
2007-05-14,1.3544,1.9803,120.37
2007-05-15,1.3603,1.9862,120.22
2007-05-16,1.3522,1.9774,120.74
2007-05-17,1.3494,1.9748,121.3
2007-05-18,1.3511,1.9755,121.09
2007-05-21,1.3457,1.9695,121.57
2007-05-22,1.3464,1.9768,121.47
2007-05-23,1.3482,1.9879,121.52
2007-05-24,1.3429,1.9852,121.46
2007-05-25,1.3452,1.9845,121.72
2007-05-29,1.3483,1.9814,121.79
2007-05-30,1.3419,1.9747,121.48
2007-05-31,1.3453,1.9797,121.76
2007-06-01,1.344,1.9804,122.1
2007-06-04,1.3488,1.9922,121.72
2007-06-05,1.3526,1.9941,121.49
2007-06-06,1.3492,1.9915,121.08
2007-06-07,1.3456,1.9798,121.34
2007-06-08,1.3359,1.9657,121.62
2007-06-11,1.3359,1.9686,121.78
2007-06-12,1.3325,1.975,121.76
2007-06-13,1.3295,1.9728,122.37
2007-06-14,1.3311,1.9696,122.97
2007-06-15,1.3365,1.9765,123.55
2007-06-18,1.3401,1.9822,123.67
2007-06-19,1.3416,1.9884,123.39
2007-06-20,1.3426,1.9937,123.6
2007-06-21,1.3399,1.9924,123.68
2007-06-22,1.3438,1.9975,124.09
2007-06-25,1.345,1.9962,123.84
2007-06-26,1.3468,1.9997,123.49
2007-06-27,1.3433,1.9965,122.52
2007-06-28,1.3466,2.0022,123.01
2007-06-29,1.352,2.0063,123.39
2007-07-02,1.3627,2.0161,122.32
2007-07-03,1.3615,2.0168,122.4
2007-07-05,1.3592,2.0114,122.82
2007-07-06,1.3626,2.0119,123.27
2007-07-09,1.3623,2.0166,123.34
2007-07-10,1.3714,2.0248,122.19
2007-07-11,1.3757,2.032,122.13
2007-07-12,1.3776,2.0288,122.5
2007-07-13,1.3788,2.0344,121.99
2007-07-16,1.3785,2.0374,121.9
2007-07-17,1.3782,2.0455,122.36
2007-07-18,1.3808,2.0534,121.83
2007-07-19,1.3811,2.049,122.06
2007-07-20,1.3831,2.0566,121.15
2007-07-23,1.3817,2.0585,121.31
2007-07-24,1.3824,2.0626,120.57
2007-07-25,1.3711,2.0511,120.33
2007-07-26,1.373,2.0488,119.14
2007-07-27,1.3647,2.029,118.56
2007-07-30,1.3681,2.0238,118.41
2007-07-31,1.3711,2.0364,119.13
2007-08-01,1.3682,2.0309,118.71
2007-08-02,1.3693,2.0346,119.35
2007-08-03,1.3785,2.0426,118.43
2007-08-06,1.3789,2.0293,118.04
2007-08-07,1.3747,2.0202,118.48
2007-08-08,1.3808,2.0368,119.76
2007-08-09,1.3701,2.0271,118.69
2007-08-10,1.3686,2.0219,118.0
2007-08-13,1.3624,2.0123,118.47
2007-08-14,1.3581,2.0,118.21
2007-08-15,1.3479,1.9923,117.19
2007-08-16,1.3402,1.9829,114.03
2007-08-17,1.3492,1.9828,113.81
2007-08-20,1.3468,1.983,114.49
2007-08-21,1.3483,1.9813,114.42
2007-08-22,1.3535,1.9916,114.95
2007-08-23,1.356,2.0035,115.81
2007-08-24,1.3645,2.0099,116.12
2007-08-27,1.3645,2.0134,116.05
2007-08-28,1.3626,2.0065,114.7
2007-08-29,1.3675,2.0182,115.52
2007-08-30,1.3648,2.016,115.81
2007-08-31,1.3641,2.0165,115.83
2007-09-03,1.3641,2.0165,115.83
2007-09-04,1.3606,2.0109,116.21
2007-09-05,1.3669,2.0221,115.15
2007-09-06,1.3697,2.0242,115.33
2007-09-07,1.3772,2.0283,113.57
2007-09-10,1.3794,2.0288,113.43
2007-09-11,1.3837,2.0319,113.97
2007-09-12,1.3904,2.0314,114.24
2007-09-13,1.3885,2.0278,115.37
2007-09-14,1.3848,2.0067,115.31
2007-09-17,1.386,1.992,114.93
2007-09-18,1.3869,1.9973,115.75
2007-09-19,1.395,1.9983,116.21
2007-09-20,1.4092,2.0132,114.18
2007-09-21,1.4076,2.0208,115.6
2007-09-24,1.4086,2.0222,114.92
2007-09-25,1.4128,2.0169,114.48
2007-09-26,1.4126,2.0159,115.66
2007-09-27,1.4138,2.0235,115.76
2007-09-28,1.4219,2.0389,114.97
2007-10-01,1.4229,2.0436,115.91
2007-10-02,1.4163,2.0417,115.83
2007-10-03,1.4135,2.0369,116.74
2007-10-04,1.4128,2.0392,116.59
2007-10-05,1.4154,2.0436,116.83
2007-10-08,1.4154,2.0436,116.83
2007-10-09,1.4092,2.0331,116.98
2007-10-10,1.4157,2.0432,117.17
2007-10-11,1.4228,2.0342,117.71
2007-10-12,1.4168,2.034,117.5
2007-10-15,1.4216,2.0419,117.37
2007-10-16,1.4165,2.0327,116.61
2007-10-17,1.4208,2.0387,116.62
2007-10-18,1.4291,2.0457,115.64
2007-10-19,1.4263,2.0484,115.15
2007-10-22,1.4138,2.0279,114.07
2007-10-23,1.4248,2.0495,114.65
2007-10-24,1.4237,2.0491,113.94
2007-10-25,1.4299,2.0485,114.09
2007-10-26,1.439,2.0514,114.01
2007-10-29,1.4405,2.0609,114.69
2007-10-30,1.4424,2.0671,114.72
2007-10-31,1.4468,2.0777,115.27
2007-11-01,1.4435,2.0818,114.87
2007-11-02,1.4481,2.082,114.74
2007-11-05,1.4469,2.0799,114.54
2007-11-06,1.4555,2.0859,114.51
2007-11-07,1.4667,2.1045,113.29
2007-11-08,1.4691,2.1104,112.66
2007-11-09,1.4665,2.0911,110.9
2007-11-13,1.4598,2.0729,110.31
2007-11-14,1.467,2.0586,111.38
2007-11-15,1.4639,2.0483,110.78
2007-11-16,1.4652,2.048,111.05
2007-11-19,1.4658,2.0478,110.05
2007-11-20,1.4787,2.0652,110.05
2007-11-21,1.4829,2.0585,108.54
2007-11-22,1.4829,2.0585,108.54
2007-11-23,1.4825,2.0564,108.17
2007-11-26,1.4862,2.0681,108.17
2007-11-27,1.4817,2.0653,108.64
2007-11-28,1.475,2.0688,110.38
2007-11-29,1.4766,2.0642,109.94
2007-11-30,1.4688,2.0567,111.02
2007-12-03,1.4657,2.0658,110.44
2007-12-04,1.4759,2.0577,109.68
2007-12-05,1.4666,2.0288,110.85
2007-12-06,1.4638,2.0289,111.05
2007-12-07,1.4664,2.0289,111.72
2007-12-10,1.4714,2.0457,111.6
2007-12-11,1.4702,2.0387,111.77
2007-12-12,1.4702,2.0494,112.36
2007-12-13,1.4591,2.0395,112.26
2007-12-14,1.4433,2.0197,113.35
2007-12-17,1.4369,2.0168,113.2
2007-12-18,1.4392,2.014,113.17
2007-12-19,1.4344,1.9931,113.44
2007-12-20,1.4353,1.9821,112.97
2007-12-21,1.4361,1.9833,113.95
2007-12-24,1.4409,1.9774,114.45
2007-12-26,1.45,1.9833,114.08
2007-12-27,1.4601,1.9907,114.0
2007-12-28,1.4718,1.9929,112.93
2007-12-31,1.4603,1.9843,111.71
2008-01-02,1.4738,1.9824,109.7
2008-01-03,1.4736,1.9733,109.58
2008-01-04,1.4786,1.9757,108.38
2008-01-07,1.4684,1.9703,109.1
2008-01-08,1.4717,1.9731,109.29
2008-01-09,1.4663,1.9564,109.4
2008-01-10,1.474,1.9565,109.38
2008-01-11,1.4787,1.9592,109.11
2008-01-14,1.4877,1.9583,108.18
2008-01-15,1.4842,1.9671,107.07
2008-01-16,1.4643,1.9638,107.27
2008-01-17,1.469,1.9744,107.01
2008-01-18,1.4616,1.9529,106.82
2008-01-22,1.4609,1.9577,106.76
2008-01-23,1.4574,1.9515,105.42
2008-01-24,1.4737,1.9733,106.68
2008-01-25,1.4673,1.9802,107.31
2008-01-28,1.4789,1.9857,106.65
2008-01-29,1.4767,1.9857,107.08
2008-01-30,1.4782,1.988,107.25
2008-01-31,1.4841,1.9895,106.74
2008-02-01,1.4851,1.9687,106.3
2008-02-04,1.4832,1.9777,106.73
2008-02-05,1.4638,1.9626,106.94
2008-02-06,1.4647,1.9604,106.75
2008-02-07,1.4495,1.942,106.82
2008-02-08,1.4505,1.9473,107.34
2008-02-11,1.4506,1.9486,106.64
2008-02-12,1.4592,1.9622,107.42
2008-02-13,1.4569,1.9618,108.15
2008-02-14,1.4635,1.9708,107.97
2008-02-15,1.4674,1.9613,107.67
2008-02-19,1.4742,1.9511,107.5
2008-02-20,1.4663,1.9405,107.97
2008-02-21,1.4813,1.9614,107.6
2008-02-22,1.4825,1.9668,106.98
2008-02-25,1.4822,1.9668,107.88
2008-02-26,1.4889,1.9747,107.73
2008-02-27,1.5132,1.9923,106.38
2008-02-28,1.5172,1.9879,105.64
2008-02-29,1.5187,1.9864,104.19
2008-03-03,1.5195,1.985,103.57
2008-03-04,1.521,1.9854,102.67
2008-03-05,1.5282,1.9939,103.99
2008-03-06,1.5356,2.0073,103.1
2008-03-07,1.5333,2.0128,102.69
2008-03-10,1.5369,2.0166,101.8
2008-03-11,1.5329,2.0041,102.87
2008-03-12,1.5495,2.0211,102.38
2008-03-13,1.5584,2.0311,100.58
2008-03-14,1.5604,2.0294,100.2
2008-03-17,1.5765,2.0008,96.88
2008-03-18,1.5784,2.0216,98.23
2008-03-19,1.5642,1.9858,99.34
2008-03-20,1.5417,1.9823,98.79
2008-03-21,1.5447,1.9826,99.4
2008-03-24,1.5394,1.9852,100.77
2008-03-25,1.5595,1.9997,100.07
2008-03-26,1.5761,2.0019,99.12
2008-03-27,1.5798,2.0097,99.87
2008-03-28,1.5759,1.989,99.71
2008-03-31,1.5805,1.9855,99.85
2008-04-01,1.5615,1.9774,101.77
2008-04-02,1.5618,1.9827,102.77
2008-04-03,1.5667,1.9961,102.21
2008-04-04,1.5735,1.9947,101.75
2008-04-07,1.5713,1.9855,102.62
2008-04-08,1.5705,1.969,102.55
2008-04-09,1.5804,1.9726,101.83
2008-04-10,1.5744,1.9742,101.71
2008-04-11,1.5796,1.9707,101.09
2008-04-14,1.5827,1.9816,100.87
2008-04-15,1.5801,1.9627,101.33
2008-04-16,1.5978,1.9756,101.4
2008-04-17,1.5924,1.9908,102.22
2008-04-18,1.5742,1.9965,104.56
2008-04-21,1.5881,1.9813,103.38
2008-04-22,1.601,1.9994,102.7
2008-04-23,1.5898,1.9786,103.55
2008-04-24,1.5668,1.9716,104.2
2008-04-25,1.5634,1.9833,104.17
2008-04-28,1.5648,1.9908,104.3
2008-04-29,1.5604,1.9747,103.4
2008-04-30,1.5568,1.9847,104.53
2008-05-01,1.5458,1.9749,104.04
2008-05-02,1.5431,1.9756,105.33
2008-05-05,1.5491,1.9679,105.12
2008-05-06,1.5548,1.9747,104.54
2008-05-07,1.537,1.9522,105.28
2008-05-08,1.5409,1.9543,103.87
2008-05-09,1.5447,1.9486,103.01
2008-05-12,1.5536,1.9616,103.83
2008-05-13,1.5509,1.947,104.41
2008-05-14,1.5467,1.9451,105.2
2008-05-15,1.5492,1.9488,104.61
2008-05-16,1.5591,1.958,103.86
2008-05-19,1.5516,1.9472,104.55
2008-05-20,1.5667,1.9705,103.66
2008-05-21,1.5772,1.9669,103.34
2008-05-22,1.5703,1.9785,104.03
2008-05-23,1.5784,1.9818,103.22
2008-05-27,1.5731,1.9751,103.98
2008-05-28,1.5628,1.9806,104.69
2008-05-29,1.5527,1.9759,105.52
2008-05-30,1.556,1.9793,105.46
2008-06-02,1.555,1.9666,104.41
2008-06-03,1.5454,1.965,105.29
2008-06-04,1.5453,1.9548,104.99
2008-06-05,1.556,1.9563,106.0
2008-06-06,1.5731,1.9695,105.33
2008-06-09,1.5718,1.9758,106.06
2008-06-10,1.5473,1.9543,107.19
2008-06-11,1.5562,1.9646,106.77
2008-06-12,1.5418,1.9467,107.94
2008-06-13,1.5368,1.9496,107.92
2008-06-16,1.5472,1.9637,108.19
2008-06-17,1.5519,1.9544,108.03
2008-06-18,1.5502,1.957,108.05
2008-06-19,1.5502,1.9729,107.95
2008-06-20,1.5626,1.9737,107.42
2008-06-23,1.5492,1.9609,107.89
2008-06-24,1.5591,1.9707,107.76
2008-06-25,1.557,1.9672,108.29
2008-06-26,1.5738,1.9873,107.29
2008-06-27,1.5749,1.9938,106.28
2008-06-30,1.5748,1.9906,106.17
2008-07-01,1.5778,1.993,105.73
2008-07-02,1.5869,1.9925,105.87
2008-07-03,1.5708,1.9825,106.79
2008-07-07,1.5646,1.9697,107.55
2008-07-08,1.5653,1.9685,107.35
2008-07-09,1.5744,1.9812,107.12
2008-07-10,1.5771,1.9777,107.03
2008-07-11,1.5898,1.9895,106.14
2008-07-14,1.5914,1.9925,106.18
2008-07-15,1.5923,2.0036,104.78
2008-07-16,1.5847,1.9995,104.64
2008-07-17,1.5861,2.0038,105.82
2008-07-18,1.5855,1.9985,106.75
2008-07-21,1.5877,1.9979,106.74
2008-07-22,1.5811,1.9941,107.11
2008-07-23,1.5708,2.0021,107.68
2008-07-24,1.5657,1.9832,107.62
2008-07-25,1.5687,1.988,107.89
2008-07-28,1.5747,1.9943,107.49
2008-07-29,1.5588,1.9805,108.19
2008-07-30,1.5559,1.981,108.17
2008-07-31,1.5589,1.9806,108.1
2008-08-01,1.5567,1.9743,107.59
2008-08-04,1.5569,1.9606,108.23
2008-08-05,1.5468,1.9532,108.2
2008-08-06,1.5409,1.9479,109.39
2008-08-07,1.5341,1.9439,109.44
2008-08-08,1.5047,1.9193,110.09
2008-08-11,1.4958,1.9144,110.08
2008-08-12,1.4905,1.9005,109.78
2008-08-13,1.4895,1.8682,108.71
2008-08-14,1.4856,1.8715,109.75
2008-08-15,1.4695,1.8651,110.48
2008-08-18,1.473,1.8673,110.07
2008-08-19,1.4746,1.8655,109.68
2008-08-20,1.4701,1.8603,109.98
2008-08-21,1.4875,1.8758,108.35
2008-08-22,1.48,1.8544,109.88
2008-08-25,1.4803,1.8587,109.11
2008-08-26,1.466,1.8387,109.83
2008-08-27,1.4684,1.8318,109.72
2008-08-28,1.4685,1.8264,109.56
2008-08-29,1.4669,1.819,108.69
2008-09-02,1.4522,1.7853,108.85
2008-09-03,1.4489,1.7795,108.18
2008-09-04,1.436,1.7689,107.76
2008-09-05,1.4273,1.7687,106.96
2008-09-08,1.4126,1.7543,107.91
2008-09-09,1.4173,1.7672,107.1
2008-09-10,1.402,1.7547,107.86
2008-09-11,1.3939,1.7497,106.66
2008-09-12,1.4172,1.7896,107.51
2008-09-15,1.4175,1.7877,105.67
2008-09-16,1.4155,1.7802,105.11
2008-09-17,1.4215,1.7895,104.71
2008-09-18,1.4382,1.8186,104.85
2008-09-19,1.4384,1.8297,107.18
2008-09-22,1.4697,1.8484,106.35
2008-09-23,1.4737,1.8558,105.8
2008-09-24,1.4655,1.8502,106.03
2008-09-25,1.4643,1.8406,106.48
2008-09-26,1.4596,1.84,106.06
2008-09-29,1.4381,1.8044,105.1
2008-09-30,1.4081,1.7804,105.94
2008-10-01,1.4058,1.7804,106.06
2008-10-02,1.3854,1.7655,105.3
2008-10-03,1.3816,1.774,105.76
2008-10-06,1.3508,1.738,101.26
2008-10-07,1.3649,1.7592,102.3
2008-10-08,1.368,1.731,99.73
2008-10-09,1.3646,1.7225,100.67
2008-10-10,1.3471,1.7037,99.44
2008-10-14,1.3658,1.7482,102.17
2008-10-15,1.3567,1.7432,101.47
2008-10-16,1.3416,1.7243,100.46
2008-10-17,1.3462,1.7307,101.4
2008-10-20,1.3314,1.7134,101.74
2008-10-21,1.3102,1.6837,100.43
2008-10-22,1.2835,1.6174,98.63
2008-10-23,1.2878,1.6181,97.6
2008-10-24,1.2639,1.5631,92.64
2008-10-27,1.2446,1.5472,93.28
2008-10-28,1.2476,1.5591,95.68
2008-10-29,1.2851,1.6298,97.48
2008-10-30,1.285,1.627,97.47
2008-10-31,1.2682,1.6165,98.28
2008-11-03,1.2719,1.5855,98.95
2008-11-04,1.3021,1.6095,100.48
2008-11-05,1.3039,1.6156,98.95
2008-11-06,1.2756,1.5814,98.04
2008-11-07,1.2777,1.5788,98.15
2008-11-10,1.276,1.5639,97.96
2008-11-12,1.2558,1.5012,95.54
2008-11-13,1.2526,1.4799,95.95
2008-11-14,1.2731,1.486,96.66
2008-11-17,1.2726,1.503,97.03
2008-11-18,1.269,1.5042,97.38
2008-11-19,1.2595,1.5095,96.75
2008-11-20,1.2525,1.4789,94.98
2008-11-21,1.2531,1.4816,95.42
2008-11-24,1.289,1.5177,96.69
2008-11-25,1.303,1.5349,95.53
2008-11-26,1.2828,1.5218,95.46
2008-11-28,1.2694,1.5348,95.46
2008-12-01,1.2634,1.484,93.71
2008-12-02,1.2724,1.4949,93.64
2008-12-03,1.2669,1.4783,93.25
2008-12-04,1.284,1.4791,92.78
2008-12-05,1.2654,1.4606,92.18
2008-12-08,1.2942,1.4831,92.77
2008-12-09,1.2937,1.4776,92.44
2008-12-10,1.3024,1.483,92.94
2008-12-11,1.3294,1.4953,91.96
2008-12-12,1.3349,1.4874,91.26
2008-12-15,1.3664,1.5278,90.68
2008-12-16,1.381,1.532,89.98
2008-12-17,1.4358,1.5457,87.84
2008-12-18,1.4298,1.5103,89.81
2008-12-19,1.3875,1.4854,89.48
2008-12-22,1.3952,1.4805,90.07
2008-12-23,1.3966,1.4761,90.57
2008-12-24,1.3964,1.4673,90.68
2008-12-26,1.4062,1.47,90.65
2008-12-29,1.4232,1.4591,90.2
2008-12-30,1.4085,1.4395,90.37
2008-12-31,1.3919,1.4619,90.79
2009-01-02,1.3946,1.452,91.12
2009-01-05,1.3576,1.4602,93.2
2009-01-06,1.3445,1.4777,94.2
2009-01-07,1.3718,1.5254,92.7
2009-01-08,1.3714,1.519,91.15
2009-01-09,1.3495,1.5239,90.25
2009-01-12,1.3347,1.4827,88.92
2009-01-13,1.3198,1.4528,89.65
2009-01-14,1.3174,1.4617,89.28
2009-01-15,1.3094,1.4602,89.59
2009-01-16,1.3244,1.4737,90.29
2009-01-20,1.2946,1.4023,90.19
2009-01-21,1.287,1.3728,87.8
2009-01-22,1.2955,1.384,88.64
2009-01-23,1.2849,1.3658,88.72
2009-01-26,1.3123,1.396,89.25
2009-01-27,1.3159,1.4148,88.99
2009-01-28,1.3244,1.4317,88.87
2009-01-29,1.2988,1.4262,89.77
2009-01-30,1.2804,1.4413,89.83
2009-02-02,1.2808,1.4228,89.86
2009-02-03,1.301,1.4394,89.09
2009-02-04,1.2857,1.4472,89.53
2009-02-05,1.2838,1.4633,91.01
2009-02-06,1.2874,1.4775,91.95
2009-02-09,1.3064,1.4936,91.47
2009-02-10,1.2966,1.4604,90.65
2009-02-11,1.2893,1.4367,90.66
2009-02-12,1.2822,1.4248,90.55
2009-02-13,1.2879,1.4422,91.84
2009-02-17,1.2571,1.4224,92.17
2009-02-18,1.2547,1.4235,93.81
2009-02-19,1.2675,1.4307,94.09
2009-02-20,1.269,1.4333,93.87
2009-02-23,1.2747,1.4553,94.63
2009-02-24,1.2742,1.4408,96.6
2009-02-25,1.2731,1.4265,97.33
2009-02-26,1.2764,1.4342,98.55
2009-02-27,1.2662,1.4276,97.74
2009-03-02,1.258,1.3989,97.17
2009-03-03,1.2549,1.4034,98.16
2009-03-04,1.2607,1.4142,99.34
2009-03-05,1.2565,1.4124,98.32
2009-03-06,1.2674,1.411,97.88
2009-03-09,1.2636,1.3757,98.87
2009-03-10,1.2752,1.384,98.39
2009-03-11,1.2774,1.378,97.74
2009-03-12,1.2799,1.3811,97.86
2009-03-13,1.2891,1.3972,98.04
2009-03-16,1.2997,1.4091,98.17
2009-03-17,1.2972,1.4018,98.85
2009-03-18,1.311,1.3974,98.08
2009-03-19,1.373,1.4584,93.85
2009-03-20,1.3566,1.4435,96.18
2009-03-23,1.3569,1.4496,97.3
2009-03-24,1.3524,1.473,97.86
2009-03-25,1.3539,1.4585,97.7
2009-03-26,1.356,1.4497,98.47
2009-03-27,1.3306,1.4325,97.99
2009-03-30,1.3146,1.4148,97.44
2009-03-31,1.3261,1.43,99.15
2009-04-01,1.3223,1.4402,98.93
2009-04-02,1.3458,1.47,99.48
2009-04-03,1.3447,1.4801,99.94
2009-04-06,1.3363,1.4712,100.65
2009-04-07,1.3282,1.4744,100.71
2009-04-08,1.3288,1.4692,99.95
2009-04-09,1.3149,1.4623,100.43
2009-04-10,1.3143,1.4635,100.3
2009-04-13,1.3354,1.4831,100.12
2009-04-14,1.3277,1.4907,99.08
2009-04-15,1.3182,1.499,99.37
2009-04-16,1.3197,1.4909,99.29
2009-04-17,1.303,1.4778,99.21
2009-04-20,1.2903,1.4532,98.29
2009-04-21,1.2978,1.4688,98.6
2009-04-22,1.3012,1.4496,98.14
2009-04-23,1.3048,1.4635,97.88
2009-04-24,1.3277,1.4697,97.08
2009-04-27,1.3136,1.4678,96.57
2009-04-28,1.3061,1.4607,96.49
2009-04-29,1.3324,1.4802,96.97
2009-04-30,1.3244,1.4799,98.76
2009-05-01,1.3267,1.4881,99.24
2009-05-04,1.3365,1.4985,99.12
2009-05-05,1.3375,1.5099,98.76
2009-05-06,1.3313,1.5063,98.6
2009-05-07,1.3411,1.5019,99.0
2009-05-08,1.3494,1.509,99.01
2009-05-11,1.362,1.5145,97.45
2009-05-12,1.3638,1.524,96.59
2009-05-13,1.3612,1.5165,95.75
2009-05-14,1.3608,1.5195,95.62
2009-05-15,1.3539,1.5222,94.89
2009-05-18,1.3503,1.5309,96.05
2009-05-19,1.3608,1.5501,96.1
2009-05-20,1.3765,1.567,95.16
2009-05-21,1.3804,1.5763,94.97
2009-05-22,1.4005,1.5892,94.45
2009-05-26,1.3992,1.5938,94.81
2009-05-27,1.3924,1.6068,95.01
2009-05-28,1.3948,1.5956,96.76
2009-05-29,1.4126,1.616,95.55
2009-06-01,1.4192,1.6448,96.53
2009-06-02,1.427,1.6515,95.72
2009-06-03,1.4194,1.6405,95.72
2009-06-04,1.4187,1.6173,96.37
2009-06-05,1.399,1.6017,98.18
2009-06-08,1.3884,1.5976,98.56
2009-06-09,1.4014,1.6267,97.6
2009-06-10,1.3983,1.6334,98.13
2009-06-11,1.4093,1.6547,97.83
2009-06-12,1.404,1.6523,98.17
2009-06-15,1.3784,1.6268,98.03
2009-06-16,1.3878,1.6446,96.26
2009-06-17,1.385,1.6293,95.65
2009-06-18,1.3978,1.6369,96.36
2009-06-19,1.3998,1.6537,96.15
2009-06-22,1.3846,1.6343,95.9
2009-06-23,1.4035,1.6344,95.32
2009-06-24,1.4015,1.6486,95.38
2009-06-25,1.3953,1.6336,96.21
2009-06-26,1.4056,1.6498,95.19
2009-06-29,1.4058,1.6533,95.84
2009-06-30,1.402,1.6452,96.42
2009-07-01,1.4186,1.6524,96.41
2009-07-02,1.4018,1.6398,95.9
2009-07-03,1.3991,1.6336,95.95
2009-07-06,1.3938,1.623,95.0
2009-07-07,1.3965,1.6158,95.11
2009-07-08,1.3852,1.6027,92.9
2009-07-09,1.4026,1.6301,92.79
2009-07-10,1.3926,1.6185,92.33
2009-07-13,1.3973,1.6179,92.74
2009-07-14,1.3971,1.6294,93.03
2009-07-15,1.4116,1.6439,94.09
2009-07-16,1.4115,1.6417,93.59
2009-07-17,1.412,1.633,94.08
2009-07-20,1.4211,1.6494,94.52
2009-07-21,1.4196,1.6419,93.36
2009-07-22,1.422,1.6439,93.77
2009-07-23,1.4266,1.6562,94.75
2009-07-24,1.4213,1.6432,94.86
2009-07-27,1.4212,1.6486,95.32
2009-07-28,1.4215,1.6477,94.6
2009-07-29,1.4033,1.6379,95.13
2009-07-30,1.4066,1.6483,95.67
2009-07-31,1.4279,1.6713,94.54
2009-08-03,1.4416,1.6956,95.23
2009-08-04,1.44,1.6932,95.41
2009-08-05,1.4391,1.6977,94.98
2009-08-06,1.4357,1.6774,95.56
2009-08-07,1.418,1.6669,97.65
2009-08-10,1.4143,1.6487,97.23
2009-08-11,1.4141,1.6501,95.94
2009-08-12,1.4215,1.6538,96.16
2009-08-13,1.4283,1.658,95.46
2009-08-14,1.4216,1.6529,94.64
2009-08-17,1.4088,1.6323,94.33
2009-08-18,1.4075,1.6418,94.72
2009-08-19,1.4262,1.6555,93.87
2009-08-20,1.4235,1.6494,94.12
2009-08-21,1.4305,1.6503,94.6
2009-08-24,1.432,1.6417,94.47
2009-08-25,1.435,1.643,94.28
2009-08-26,1.423,1.6235,94.25
2009-08-27,1.4272,1.6212,93.57
2009-08-28,1.4358,1.6331,93.55
2009-08-31,1.4354,1.6314,92.82
2009-09-01,1.4235,1.6168,93.09
2009-09-02,1.4246,1.6269,92.43
2009-09-03,1.4278,1.6354,92.54
2009-09-04,1.4278,1.6378,92.75
2009-09-08,1.4497,1.6512,92.21
2009-09-09,1.4573,1.6557,91.85
2009-09-10,1.4568,1.6649,91.86
2009-09-11,1.4586,1.6695,90.3
2009-09-14,1.4613,1.6588,90.85
2009-09-15,1.4617,1.6436,90.95
2009-09-16,1.4698,1.6501,91.0
2009-09-17,1.4735,1.6522,91.15
2009-09-18,1.4704,1.6266,91.31
2009-09-21,1.4692,1.6228,91.87
2009-09-22,1.4795,1.638,91.08
2009-09-23,1.4752,1.6404,91.45
2009-09-24,1.4696,1.6068,91.16
2009-09-25,1.4682,1.5967,89.83
2009-09-28,1.465,1.591,89.34
2009-09-29,1.4553,1.5924,90.26
2009-09-30,1.463,1.6004,89.49
2009-10-01,1.4532,1.595,89.73
2009-10-02,1.459,1.5878,89.62
2009-10-05,1.4647,1.5926,89.56
2009-10-06,1.4744,1.5904,88.77
2009-10-07,1.4675,1.5899,88.76
2009-10-08,1.4777,1.609,88.44
2009-10-09,1.4715,1.5896,89.69
2009-10-13,1.4839,1.5896,89.71
2009-10-14,1.4899,1.5974,89.44
2009-10-15,1.4945,1.6249,90.39
2009-10-16,1.4889,1.635,90.73
2009-10-19,1.4947,1.64,90.72
2009-10-20,1.4905,1.638,90.83
2009-10-21,1.5009,1.661,91.04
2009-10-22,1.5003,1.6595,91.42
2009-10-23,1.5029,1.6351,91.88
2009-10-26,1.4941,1.6351,91.96
2009-10-27,1.4821,1.6334,92.04
2009-10-28,1.4763,1.6375,91.07
2009-10-29,1.4819,1.6559,91.41
2009-10-30,1.4755,1.6479,90.5
2009-11-02,1.4828,1.641,90.56
2009-11-03,1.4658,1.6383,90.3
2009-11-04,1.4836,1.6571,90.96
2009-11-05,1.4857,1.6565,90.45
2009-11-06,1.4835,1.6586,89.86
2009-11-09,1.4999,1.6721,89.92
2009-11-10,1.496,1.6681,89.82
2009-11-12,1.4865,1.6543,90.4
2009-11-13,1.4886,1.6657,89.55
2009-11-16,1.4977,1.6795,89.28
2009-11-17,1.483,1.6768,89.41
2009-11-18,1.499,1.6756,89.36
2009-11-19,1.4905,1.6658,88.95
2009-11-20,1.487,1.6529,88.9
2009-11-23,1.4968,1.6599,89.14
2009-11-24,1.4937,1.6577,88.58
2009-11-25,1.5085,1.6671,87.65
2009-11-27,1.4963,1.6494,86.87
2009-11-30,1.4994,1.6409,86.12
2009-12-01,1.51,1.6626,86.62
2009-12-02,1.5059,1.6641,87.13
2009-12-03,1.5081,1.6578,88.2
2009-12-04,1.4885,1.6515,89.87
2009-12-07,1.482,1.6429,89.44
2009-12-08,1.4741,1.6302,88.41
2009-12-09,1.4725,1.6242,87.83
2009-12-10,1.4716,1.6257,88.2
2009-12-11,1.4601,1.6236,89.23
2009-12-14,1.4645,1.6285,88.65
2009-12-15,1.4514,1.6234,89.91
2009-12-16,1.4577,1.6369,89.52
2009-12-17,1.4317,1.6135,90.35
2009-12-18,1.4281,1.6083,90.47
2009-12-21,1.4319,1.6083,90.95
2009-12-22,1.4243,1.5956,91.67
2009-12-23,1.4341,1.5955,91.52
2009-12-24,1.4367,1.5941,91.69
2009-12-28,1.4392,1.6001,91.57
2009-12-29,1.4356,1.5892,91.95
2009-12-30,1.4316,1.605,92.66
2009-12-31,1.4332,1.6167,93.08
2010-01-04,1.4419,1.6109,92.55
2010-01-05,1.4402,1.6009,91.48
2010-01-06,1.4404,1.6016,92.53
2010-01-07,1.4314,1.5912,93.31
2010-01-08,1.4357,1.5993,92.7
2010-01-11,1.4536,1.6146,91.9
2010-01-12,1.4523,1.6181,90.95
2010-01-13,1.4492,1.6288,91.38
2010-01-14,1.4478,1.632,91.03
2010-01-15,1.4376,1.624,90.79
2010-01-19,1.4269,1.637,91.13
2010-01-20,1.4094,1.6287,91.23
2010-01-21,1.4106,1.6214,90.25
2010-01-22,1.4154,1.612,90.07
2010-01-25,1.4146,1.6236,90.12
2010-01-26,1.4063,1.6109,89.63
2010-01-27,1.4053,1.6204,89.41
2010-01-28,1.3993,1.6242,90.08
2010-01-29,1.387,1.6009,90.38
2010-02-01,1.3904,1.5924,90.8
2010-02-02,1.3955,1.5968,90.39
2010-02-03,1.3907,1.5915,91.11
2010-02-04,1.3759,1.5763,89.11
2010-02-05,1.3608,1.5619,89.25
2010-02-08,1.3699,1.565,89.32
2010-02-09,1.3795,1.5679,89.45
2010-02-10,1.3722,1.5606,89.88
2010-02-11,1.364,1.5674,89.82
2010-02-12,1.3625,1.5669,90.0
2010-02-16,1.3742,1.5732,90.46
2010-02-17,1.3623,1.5704,90.79
2010-02-18,1.3563,1.5582,91.43
2010-02-19,1.3538,1.5437,91.94
2010-02-22,1.359,1.5477,91.11
2010-02-23,1.3537,1.5464,90.04
2010-02-24,1.3576,1.5432,90.06
2010-02-25,1.3476,1.5201,88.85
2010-02-26,1.366,1.5239,88.84
2010-03-01,1.3516,1.4974,89.28
2010-03-02,1.3564,1.494,88.95
2010-03-03,1.3731,1.5124,88.43
2010-03-04,1.3571,1.5031,89.02
2010-03-05,1.3608,1.5115,90.32
2010-03-08,1.3613,1.506,90.3
2010-03-09,1.3586,1.5003,89.89
2010-03-10,1.3658,1.4977,90.62
2010-03-11,1.3674,1.5052,90.6
2010-03-12,1.3753,1.5188,90.46
2010-03-15,1.3652,1.5043,90.45
2010-03-16,1.3758,1.5192,90.43
2010-03-17,1.3739,1.5296,90.42
2010-03-18,1.3603,1.5247,90.46
2010-03-19,1.353,1.5014,90.5
2010-03-22,1.3531,1.5071,90.02
2010-03-23,1.3535,1.5067,90.24
2010-03-24,1.3347,1.4914,91.89
2010-03-25,1.3344,1.4884,92.69
2010-03-26,1.3398,1.4906,92.56
2010-03-29,1.3465,1.4969,92.65
2010-03-30,1.3409,1.509,92.89
2010-03-31,1.3526,1.5186,93.4
2010-04-01,1.3569,1.529,93.83
2010-04-02,1.3487,1.5197,94.51
2010-04-05,1.3486,1.5284,94.28
2010-04-06,1.3378,1.523,93.81
2010-04-07,1.3364,1.5246,93.59
2010-04-08,1.336,1.5272,93.16
2010-04-09,1.3468,1.5371,93.28
2010-04-12,1.3587,1.5368,93.21
2010-04-13,1.3592,1.5416,92.78
2010-04-14,1.3666,1.5484,93.01
2010-04-15,1.354,1.5465,93.04
2010-04-16,1.3487,1.5395,92.03
2010-04-19,1.3458,1.5263,92.18
2010-04-20,1.3446,1.5375,93.28
2010-04-21,1.3383,1.5397,93.24
2010-04-22,1.3298,1.5368,93.01
2010-04-23,1.336,1.5363,94.18
2010-04-26,1.3336,1.5466,94.06
2010-04-27,1.323,1.5285,93.01
2010-04-28,1.313,1.516,94.07
2010-04-29,1.3243,1.5303,94.16
2010-04-30,1.3302,1.5308,94.24
2010-05-03,1.3183,1.5242,94.68
2010-05-04,1.3037,1.5135,94.58
2010-05-05,1.289,1.5134,94.3
2010-05-06,1.2689,1.4889,92.22
2010-05-07,1.2721,1.4739,91.67
2010-05-10,1.2861,1.498,93.39
2010-05-11,1.2715,1.4952,92.83
2010-05-12,1.2642,1.4855,92.93
2010-05-13,1.2568,1.4659,92.7
2010-05-14,1.239,1.4557,91.94
2010-05-17,1.2299,1.4388,92.08
2010-05-18,1.2358,1.4439,92.52
2010-05-19,1.2317,1.4349,91.16
2010-05-20,1.237,1.4344,90.07
2010-05-21,1.2575,1.4466,90.21
2010-05-24,1.2406,1.4437,90.49
2010-05-25,1.2279,1.4352,89.89
2010-05-26,1.2224,1.4401,90.28
2010-05-27,1.237,1.4569,90.71
2010-05-28,1.2369,1.4492,90.81
2010-06-01,1.2266,1.4673,91.16
2010-06-02,1.2206,1.4641,92.21
2010-06-03,1.2193,1.4616,92.33
2010-06-04,1.1998,1.4493,91.83
2010-06-07,1.1959,1.4498,92.0
2010-06-08,1.1995,1.4422,91.3
2010-06-09,1.2045,1.4585,91.54
2010-06-10,1.2111,1.4674,91.04
2010-06-11,1.2077,1.4545,91.72
2010-06-14,1.2277,1.477,91.8
2010-06-15,1.2327,1.4827,91.25
2010-06-16,1.2323,1.4838,91.39
2010-06-17,1.2365,1.4806,90.92
2010-06-18,1.236,1.4787,90.79
2010-06-21,1.2385,1.4826,91.18
2010-06-22,1.2303,1.485,90.59
2010-06-23,1.231,1.4952,89.82
2010-06-24,1.2288,1.4986,89.4
2010-06-25,1.2332,1.4985,89.35
2010-06-28,1.2316,1.5098,89.23
2010-06-29,1.2187,1.5081,88.39
2010-06-30,1.2291,1.4947,88.49
2010-07-01,1.2464,1.5126,87.42
2010-07-02,1.2577,1.5179,87.69
2010-07-06,1.2646,1.518,87.55
2010-07-07,1.2594,1.5179,87.16
2010-07-08,1.2683,1.5157,88.44
2010-07-09,1.2639,1.5095,88.48
2010-07-12,1.2573,1.5016,88.53
2010-07-13,1.2719,1.5175,88.24
2010-07-14,1.2755,1.5284,88.59
2010-07-15,1.2893,1.5376,87.41
2010-07-16,1.2919,1.5289,86.4
2010-07-19,1.2963,1.5222,86.77
2010-07-20,1.2905,1.5255,87.22
2010-07-21,1.2818,1.5201,87.3
2010-07-22,1.2903,1.5283,87.0
2010-07-23,1.2874,1.5425,87.31
2010-07-26,1.2983,1.549,87.2
2010-07-27,1.2983,1.5538,87.88
2010-07-28,1.2998,1.5611,87.62
2010-07-29,1.3064,1.5591,86.87
2010-07-30,1.3069,1.5714,86.43
2010-08-02,1.3174,1.5897,86.42
2010-08-03,1.3239,1.5941,85.88
2010-08-04,1.3158,1.5887,86.26
2010-08-05,1.3157,1.586,85.83
2010-08-06,1.3282,1.5979,85.25
2010-08-09,1.3241,1.5945,85.88
2010-08-10,1.3095,1.5776,85.88
2010-08-11,1.2899,1.5688,85.36
2010-08-12,1.2866,1.5573,85.83
2010-08-13,1.2767,1.558,86.2
2010-08-16,1.2838,1.5679,85.33
2010-08-17,1.289,1.5586,85.51
2010-08-18,1.2872,1.5619,85.31
2010-08-19,1.2837,1.5612,85.27
2010-08-20,1.2687,1.5515,85.63
2010-08-23,1.2663,1.5532,85.16
2010-08-24,1.2675,1.5471,84.16
2010-08-25,1.2652,1.546,84.56
2010-08-26,1.2717,1.5574,84.61
2010-08-27,1.2765,1.5528,85.1
2010-08-30,1.2686,1.5473,84.67
2010-08-31,1.2704,1.5358,84.1
2010-09-01,1.2813,1.5472,84.48
2010-09-02,1.2824,1.5393,84.15
2010-09-03,1.2885,1.5452,84.45
2010-09-07,1.2723,1.5315,83.75
2010-09-08,1.2727,1.5513,83.85
2010-09-09,1.2708,1.5448,83.83
2010-09-10,1.2731,1.5387,84.13
2010-09-13,1.289,1.5466,83.53
2010-09-14,1.3014,1.5559,83.05
2010-09-15,1.3008,1.5641,85.63
2010-09-16,1.3079,1.5612,85.72
2010-09-17,1.3046,1.5635,85.77
2010-09-20,1.3074,1.5564,85.74
2010-09-21,1.3136,1.5551,85.36
2010-09-22,1.3385,1.5649,84.37
2010-09-23,1.3344,1.5723,84.32
2010-09-24,1.3476,1.5829,84.24
2010-09-27,1.3475,1.5851,84.17
2010-09-28,1.3583,1.5808,83.82
2010-09-29,1.3638,1.5812,83.61
2010-09-30,1.3601,1.5731,83.53
2010-10-01,1.3754,1.5829,83.3
2010-10-04,1.3688,1.5849,83.33
2010-10-05,1.3834,1.5915,83.17
2010-10-06,1.3924,1.5903,82.8
2010-10-07,1.3921,1.593,82.35
2010-10-08,1.3923,1.5951,81.86
2010-10-12,1.3846,1.5799,81.74
2010-10-13,1.3964,1.5843,81.81
2010-10-14,1.4066,1.5992,81.44
2010-10-15,1.3998,1.6027,81.32
2010-10-18,1.3978,1.5907,81.16
2010-10-19,1.3827,1.5739,81.6
2010-10-20,1.3949,1.5857,81.14
2010-10-21,1.3973,1.5753,81.16
2010-10-22,1.3904,1.5677,81.48
2010-10-25,1.3986,1.5748,80.61
2010-10-26,1.3873,1.5871,81.28
2010-10-27,1.3788,1.5782,81.55
2010-10-28,1.3929,1.5945,80.99
2010-10-29,1.3894,1.602,80.48
2010-11-01,1.3888,1.605,80.66
2010-11-02,1.4026,1.601,80.8
2010-11-03,1.4014,1.608,81.41
2010-11-04,1.4224,1.6282,80.61
2010-11-05,1.4033,1.6211,81.35
2010-11-08,1.3927,1.615,81.14
2010-11-09,1.3865,1.605,81.15
2010-11-10,1.3728,1.6071,82.53
2010-11-12,1.37,1.6172,82.44
2010-11-15,1.3615,1.6064,82.9
2010-11-16,1.3517,1.5881,83.41
2010-11-17,1.3555,1.5941,83.15
2010-11-18,1.3618,1.601,83.64
2010-11-19,1.3654,1.5961,83.49
2010-11-22,1.3612,1.5932,83.46
2010-11-23,1.3388,1.5824,82.86
2010-11-24,1.335,1.5774,83.38
2010-11-26,1.3243,1.5616,84.08
2010-11-29,1.3092,1.5557,84.34
2010-11-30,1.3036,1.5578,83.56
2010-12-01,1.3149,1.5603,84.0
2010-12-02,1.3228,1.561,83.53
2010-12-03,1.3367,1.5723,82.73
2010-12-06,1.3275,1.568,82.7
2010-12-07,1.3323,1.5802,83.04
2010-12-08,1.3242,1.5792,84.16
2010-12-09,1.3206,1.5733,83.85
2010-12-10,1.3242,1.5809,83.87
2010-12-13,1.3389,1.5882,83.57
2010-12-14,1.3395,1.5795,83.52
2010-12-15,1.3306,1.5613,84.04
2010-12-16,1.3206,1.5612,84.23
2010-12-17,1.3155,1.548,84.15
2010-12-20,1.3124,1.5521,83.72
2010-12-21,1.3131,1.5462,83.76
2010-12-22,1.3089,1.539,83.56
2010-12-23,1.3101,1.54,82.97
2010-12-27,1.3146,1.5382,82.91
2010-12-28,1.3122,1.5361,82.21
2010-12-29,1.3183,1.5463,81.9
2010-12-30,1.3269,1.5392,81.67
2011-01-03,1.3371,1.549,81.56
2011-01-04,1.3306,1.5586,81.96
2011-01-05,1.3171,1.5497,83.22
2011-01-06,1.3027,1.549,83.15
2011-01-07,1.2944,1.556,83.04
2011-01-10,1.2945,1.5583,82.78
2011-01-11,1.2978,1.5628,83.36
2011-01-12,1.3066,1.5716,83.29
2011-01-13,1.3364,1.587,82.72
2011-01-14,1.3328,1.5874,82.99
2011-01-18,1.3399,1.6,82.66
2011-01-19,1.3495,1.5991,82.03
2011-01-20,1.3443,1.5875,83.02
2011-01-21,1.3581,1.5997,82.63
2011-01-24,1.3653,1.5995,82.44
2011-01-25,1.3644,1.5818,82.35
2011-01-26,1.3688,1.5886,82.27
2011-01-27,1.3688,1.5905,83.03
2011-01-28,1.3607,1.5838,82.03
2011-01-31,1.3715,1.6042,81.97
2011-02-01,1.3793,1.6124,81.48
2011-02-02,1.3779,1.6167,81.82
2011-02-03,1.3654,1.6159,81.48
2011-02-04,1.3584,1.6089,81.99
2011-02-07,1.3557,1.6111,82.4
2011-02-08,1.3687,1.6091,81.92
2011-02-09,1.3688,1.6089,82.47
2011-02-10,1.3637,1.6132,83.11
2011-02-11,1.352,1.5986,83.52
2011-02-14,1.3474,1.6023,83.32
2011-02-15,1.3494,1.6128,83.79
2011-02-16,1.3547,1.6063,83.73
2011-02-17,1.3612,1.6172,83.25
2011-02-18,1.3673,1.6245,83.22
2011-02-22,1.3661,1.6129,82.94
2011-02-23,1.3758,1.6221,82.39
2011-02-24,1.3794,1.6106,81.67
2011-02-25,1.3757,1.6078,81.76
2011-02-28,1.3793,1.6247,81.94
2011-03-01,1.3813,1.6309,81.86
2011-03-02,1.3869,1.6311,81.62
2011-03-03,1.3947,1.6266,82.41
2011-03-04,1.3983,1.625,82.35
2011-03-07,1.3976,1.6204,82.12
2011-03-08,1.3912,1.6164,82.69
2011-03-09,1.3906,1.6202,82.78
2011-03-10,1.3823,1.6063,82.98
2011-03-11,1.3864,1.6033,81.77
2011-03-14,1.3975,1.6181,81.65
2011-03-15,1.3968,1.6064,80.82
2011-03-16,1.3922,1.6028,80.17
2011-03-17,1.4021,1.6143,78.74
2011-03-18,1.4141,1.6187,81.14
2011-03-21,1.4184,1.6276,81.11
2011-03-22,1.4212,1.6387,81.0
2011-03-23,1.4124,1.6246,80.94
2011-03-24,1.42,1.6159,80.82
2011-03-25,1.4144,1.6086,81.12
2011-03-28,1.4104,1.6024,81.67
2011-03-29,1.409,1.5983,82.38
2011-03-30,1.4095,1.6038,82.98
2011-03-31,1.4183,1.6048,82.76
2011-04-01,1.4215,1.6132,84.05
2011-04-04,1.4221,1.6129,83.98
2011-04-05,1.423,1.6282,84.65
2011-04-06,1.4333,1.6314,85.26
2011-04-07,1.4287,1.6304,84.98
2011-04-08,1.4437,1.6341,84.99
2011-04-11,1.4454,1.6386,84.58
2011-04-12,1.4455,1.6263,83.79
2011-04-13,1.4477,1.6285,83.59
2011-04-14,1.4464,1.635,83.23
2011-04-15,1.4443,1.6325,83.13
2011-04-18,1.4211,1.6229,82.43
2011-04-19,1.4319,1.6315,82.41
2011-04-20,1.4513,1.6405,82.58
2011-04-21,1.4585,1.6572,81.81
2011-04-22,1.4545,1.6517,81.92
2011-04-25,1.4576,1.6497,81.93
2011-04-26,1.4625,1.6465,81.93
2011-04-27,1.4659,1.653,82.6
2011-04-28,1.4785,1.6636,81.57
2011-04-29,1.4821,1.6691,81.31
2011-05-02,1.487,1.669,81.23
2011-05-03,1.4875,1.6536,81.02
2011-05-04,1.4859,1.6524,80.69
2011-05-05,1.4583,1.6427,80.12
2011-05-06,1.4495,1.6417,80.51
2011-05-09,1.4301,1.6338,80.66
2011-05-10,1.4358,1.6331,80.75
2011-05-11,1.4269,1.6412,80.78
2011-05-12,1.4229,1.629,80.75
2011-05-13,1.4141,1.6179,80.76
2011-05-16,1.4219,1.624,80.82
2011-05-17,1.4155,1.6206,81.39
2011-05-18,1.427,1.6148,81.37
2011-05-19,1.4254,1.6179,81.78
2011-05-20,1.4172,1.6222,81.64
2011-05-23,1.4015,1.6102,81.81
2011-05-24,1.4107,1.6185,82.12
2011-05-25,1.4102,1.6277,81.96
2011-05-26,1.4088,1.6346,81.44
2011-05-27,1.4287,1.6494,80.75
2011-05-31,1.4376,1.6439,81.29
2011-06-01,1.4431,1.6391,80.82
2011-06-02,1.4426,1.6325,80.98
2011-06-03,1.4604,1.6397,80.38
2011-06-06,1.462,1.6362,80.19
2011-06-07,1.4675,1.6444,80.21
2011-06-08,1.4587,1.6381,79.87
2011-06-09,1.4534,1.6382,80.07
2011-06-10,1.4365,1.6254,80.26
2011-06-13,1.4368,1.6308,80.16
2011-06-14,1.4473,1.6388,80.5
2011-06-15,1.4221,1.6218,80.71
2011-06-16,1.4155,1.613,80.7
2011-06-17,1.4326,1.6186,80.1
2011-06-20,1.432,1.6206,80.26
2011-06-21,1.4399,1.6232,80.15
2011-06-22,1.4403,1.6131,80.06
2011-06-23,1.4166,1.5977,80.45
2011-06-24,1.4189,1.5985,80.32
2011-06-27,1.4282,1.5972,80.89
2011-06-28,1.4368,1.6016,80.85
2011-06-29,1.4428,1.607,80.8
2011-06-30,1.4523,1.6067,80.64
2011-07-01,1.4508,1.607,80.81
2011-07-05,1.447,1.6085,81.14
2011-07-06,1.4329,1.5998,80.9
2011-07-07,1.4349,1.5967,81.26
2011-07-08,1.4251,1.603,80.64
2011-07-11,1.4034,1.5932,80.37
2011-07-12,1.4014,1.594,79.53
2011-07-13,1.4167,1.6111,78.99
2011-07-14,1.4182,1.6125,79.11
2011-07-15,1.4156,1.6149,79.03
2011-07-18,1.4042,1.6024,79.1
2011-07-19,1.4156,1.6135,78.91
2011-07-20,1.4188,1.6139,78.76
2011-07-21,1.4372,1.6301,78.47
2011-07-22,1.4366,1.6319,78.44
2011-07-25,1.4357,1.6285,78.31
2011-07-26,1.4495,1.6392,78.04
2011-07-27,1.4373,1.6357,77.99
2011-07-28,1.4303,1.6338,77.87
2011-07-29,1.4388,1.6455,77.18
2011-08-01,1.4202,1.6278,76.87
2011-08-02,1.4232,1.6287,77.13
2011-08-03,1.432,1.6406,76.87
2011-08-04,1.4158,1.6308,79.01
2011-08-05,1.4158,1.6362,78.48
2011-08-08,1.4241,1.6354,77.53
2011-08-09,1.4242,1.6194,77.16
2011-08-10,1.4193,1.6169,76.41
2011-08-11,1.423,1.6228,76.68
2011-08-12,1.4239,1.6284,76.79
2011-08-15,1.4452,1.6387,76.73
2011-08-16,1.4421,1.6424,76.76
2011-08-17,1.4436,1.6591,76.46
2011-08-18,1.432,1.6489,76.52
2011-08-19,1.4408,1.6544,76.46
2011-08-22,1.4384,1.6452,76.77
2011-08-23,1.4431,1.6509,76.59
2011-08-24,1.4402,1.6375,76.78
2011-08-25,1.438,1.6289,77.38
2011-08-26,1.4463,1.6321,76.62
2011-08-29,1.451,1.6398,76.96
2011-08-30,1.4435,1.6279,76.75
2011-08-31,1.4406,1.6269,76.5
2011-09-01,1.4283,1.6179,76.81
2011-09-02,1.4203,1.619,76.79
2011-09-06,1.3999,1.5954,77.48
2011-09-07,1.4058,1.5948,77.39
2011-09-08,1.3947,1.6021,77.43
2011-09-09,1.3666,1.587,77.31
2011-09-12,1.3635,1.5814,77.15
2011-09-13,1.368,1.5805,76.88
2011-09-14,1.371,1.5773,76.71
2011-09-15,1.3858,1.5808,76.7
2011-09-16,1.3783,1.5802,76.89
2011-09-19,1.3636,1.5674,76.48
2011-09-20,1.3697,1.5718,76.52
2011-09-21,1.3724,1.5619,76.38
2011-09-22,1.3446,1.5358,76.31
2011-09-23,1.3518,1.5475,76.3
2011-09-26,1.3516,1.5553,76.35
2011-09-27,1.3606,1.5681,76.6
2011-09-28,1.3628,1.5648,76.51
2011-09-29,1.3639,1.5685,76.68
2011-09-30,1.3449,1.5624,77.04
2011-10-03,1.3281,1.5474,76.66
2011-10-04,1.3294,1.5403,76.86
2011-10-05,1.3328,1.5436,76.86
2011-10-06,1.3408,1.5398,76.64
2011-10-07,1.3512,1.5628,76.77
2011-10-11,1.3657,1.5594,76.66
2011-10-12,1.3805,1.5757,77.3
2011-10-13,1.373,1.5729,76.88
2011-10-14,1.3861,1.5808,77.36
2011-10-17,1.377,1.5778,76.8
2011-10-18,1.3719,1.5654,76.75
2011-10-19,1.3775,1.5799,76.79
2011-10-20,1.3672,1.5726,76.91
2011-10-21,1.3873,1.5945,76.1
2011-10-24,1.3932,1.5986,76.1
2011-10-25,1.3911,1.5994,75.88
2011-10-26,1.3838,1.5905,76.05
2011-10-27,1.4172,1.6081,75.8
2011-10-28,1.4164,1.613,75.72
2011-10-31,1.3947,1.6141,77.97
2011-11-01,1.3676,1.5946,78.28
2011-11-02,1.3803,1.5974,78.04
2011-11-03,1.3744,1.5959,77.96
2011-11-04,1.3761,1.6026,78.17
2011-11-07,1.3744,1.6024,78.06
2011-11-08,1.3785,1.6076,77.79
2011-11-09,1.3596,1.5958,77.77
2011-11-10,1.36,1.5935,77.58
2011-11-14,1.3625,1.5899,77.02
2011-11-15,1.3524,1.5818,76.99
2011-11-16,1.3505,1.577,77.02
2011-11-17,1.3522,1.5801,76.98
2011-11-18,1.3521,1.5783,76.93
2011-11-21,1.3525,1.5662,76.97
2011-11-22,1.35,1.5646,77.07
2011-11-23,1.3347,1.5511,77.41
2011-11-25,1.3244,1.5467,77.66
2011-11-28,1.3334,1.5538,78.05
2011-11-29,1.3343,1.5625,77.86
2011-11-30,1.3453,1.5705,77.58
2011-12-01,1.3487,1.5698,77.6
2011-12-02,1.3386,1.5592,77.88
2011-12-05,1.3463,1.5689,77.77
2011-12-06,1.3397,1.558,77.73
2011-12-07,1.3386,1.5691,77.69
2011-12-08,1.3324,1.5635,77.67
2011-12-09,1.3368,1.5642,77.58
2011-12-12,1.3188,1.5597,77.87
2011-12-13,1.3094,1.5528,77.86
2011-12-14,1.2972,1.5445,78.08
2011-12-15,1.3013,1.5486,77.87
2011-12-16,1.3025,1.5514,77.65
2011-12-19,1.3017,1.5531,77.96
2011-12-20,1.3076,1.5674,77.76
2011-12-21,1.304,1.568,78.0
2011-12-22,1.3045,1.5667,78.13
2011-12-23,1.304,1.5615,78.13
2011-12-27,1.3074,1.5671,77.83
2011-12-28,1.2926,1.5478,77.98
2011-12-29,1.2952,1.5386,77.71
2011-12-30,1.2973,1.5537,76.98
2012-01-03,1.3061,1.5655,76.67
2012-01-04,1.293,1.5638,76.68
2012-01-05,1.2783,1.548,77.18
2012-01-06,1.2723,1.5431,77.06
2012-01-09,1.2745,1.5436,76.88
2012-01-10,1.2782,1.5489,76.84
2012-01-11,1.2686,1.5325,76.9
2012-01-12,1.2818,1.5325,76.76
2012-01-13,1.2682,1.5301,76.9
2012-01-17,1.274,1.5356,76.8
2012-01-18,1.2825,1.541,76.81
2012-01-19,1.2937,1.5484,77.23
2012-01-20,1.2948,1.554,76.97
2012-01-23,1.3035,1.5582,76.92
2012-01-24,1.3004,1.5595,77.78
2012-01-25,1.2978,1.557,78.13
2012-01-26,1.3152,1.5706,77.47
2012-01-27,1.3192,1.5716,76.68
2012-01-30,1.3123,1.569,76.28
2012-01-31,1.3053,1.5754,76.34
2012-02-01,1.3179,1.5849,76.11
2012-02-02,1.3167,1.5813,76.13
2012-02-03,1.3106,1.5779,76.54
2012-02-06,1.313,1.5832,76.54
2012-02-07,1.3244,1.5891,76.88
2012-02-08,1.3253,1.582,76.9
2012-02-09,1.3297,1.5838,77.42
2012-02-10,1.3187,1.5748,77.57
2012-02-13,1.3211,1.578,77.52
2012-02-14,1.3149,1.5691,78.39
2012-02-15,1.3087,1.571,78.22
2012-02-16,1.311,1.5795,78.77
2012-02-17,1.3149,1.5813,79.33
2012-02-21,1.3255,1.5796,79.73
2012-02-22,1.3251,1.5677,80.3
2012-02-23,1.3308,1.57,80.21
2012-02-24,1.3463,1.5869,80.88
2012-02-27,1.341,1.5845,80.42
2012-02-28,1.3452,1.5887,80.44
2012-02-29,1.3359,1.5951,81.1
2012-03-01,1.332,1.5953,81.16
2012-03-02,1.3202,1.5852,81.56
2012-03-05,1.3226,1.587,81.43
2012-03-06,1.3114,1.572,80.86
2012-03-07,1.3149,1.5746,81.06
2012-03-08,1.3256,1.5822,81.5
2012-03-09,1.3108,1.5677,82.59
2012-03-12,1.3141,1.5615,82.21
2012-03-13,1.3109,1.5736,82.66
2012-03-14,1.3025,1.5686,83.78
2012-03-15,1.307,1.5669,83.28
2012-03-16,1.3171,1.5845,83.34
2012-03-19,1.3242,1.5894,83.31
2012-03-20,1.3222,1.5857,83.62
2012-03-21,1.319,1.5848,83.62
2012-03-22,1.3194,1.5807,82.5
2012-03-23,1.3263,1.5864,82.35
2012-03-26,1.3328,1.5939,82.84
2012-03-27,1.3336,1.5972,83.15
2012-03-28,1.33,1.5855,82.74
2012-03-29,1.3265,1.5911,82.28
2012-03-30,1.3334,1.5985,82.41
2012-04-02,1.3325,1.6022,82.16
2012-04-03,1.3337,1.5966,82.18
2012-04-04,1.3126,1.5879,82.62
2012-04-05,1.3064,1.5822,82.33
2012-04-06,1.3089,1.5877,81.56
2012-04-09,1.3087,1.5879,81.36
2012-04-10,1.3068,1.5836,80.94
2012-04-11,1.3104,1.5892,80.88
2012-04-12,1.3171,1.5939,80.87
2012-04-13,1.3082,1.5851,80.99
2012-04-16,1.3067,1.5865,80.46
2012-04-17,1.3123,1.5931,80.72
2012-04-18,1.3122,1.602,81.29
2012-04-19,1.3132,1.6058,81.57
2012-04-20,1.3212,1.6123,81.6
2012-04-23,1.3129,1.6102,81.16
2012-04-24,1.3207,1.6135,81.21
2012-04-25,1.321,1.6146,81.33
2012-04-26,1.3232,1.6188,80.78
2012-04-27,1.3248,1.6239,80.48
2012-04-30,1.3229,1.6225,79.81
2012-05-01,1.3226,1.6221,80.17
2012-05-02,1.3154,1.6193,80.19
2012-05-03,1.3147,1.6185,80.36
2012-05-04,1.3091,1.6148,79.84
2012-05-07,1.3052,1.6192,79.88
2012-05-08,1.3015,1.6159,79.79
2012-05-09,1.2954,1.613,79.64
2012-05-10,1.2959,1.6161,79.91
2012-05-11,1.2937,1.608,79.86
2012-05-14,1.2847,1.6116,79.83
2012-05-15,1.2769,1.6025,80.09
2012-05-16,1.273,1.5933,80.32
2012-05-17,1.2709,1.5823,79.26
2012-05-18,1.2721,1.5788,79.14
2012-05-21,1.2769,1.579,79.31
2012-05-22,1.2735,1.5775,79.98
2012-05-23,1.2569,1.5691,79.33
2012-05-24,1.2583,1.5698,79.47
2012-05-25,1.2518,1.5648,79.64
2012-05-29,1.2488,1.563,79.44
2012-05-30,1.2405,1.5532,78.93
2012-05-31,1.2364,1.5405,78.29
2012-06-01,1.242,1.5383,78.21
2012-06-04,1.2495,1.5382,78.3
2012-06-05,1.2437,1.5355,78.57
2012-06-06,1.2535,1.5475,79.11
2012-06-07,1.2568,1.5557,79.67
2012-06-08,1.2482,1.5433,79.47
2012-06-11,1.2504,1.5515,79.5
2012-06-12,1.2477,1.5562,79.44
2012-06-13,1.2596,1.5557,79.35
2012-06-14,1.2608,1.5533,79.29
2012-06-15,1.2633,1.5654,78.65
2012-06-18,1.2578,1.5665,78.95
2012-06-19,1.2692,1.5732,78.92
2012-06-20,1.2703,1.575,79.54
2012-06-21,1.2586,1.5633,80.18
2012-06-22,1.2545,1.5582,80.52
2012-06-25,1.248,1.5555,79.5
2012-06-26,1.2471,1.562,79.46
2012-06-27,1.2457,1.5549,79.83
2012-06-28,1.2433,1.5503,79.35
2012-06-29,1.2668,1.5686,79.81
2012-07-02,1.2584,1.5679,79.42
2012-07-03,1.262,1.5702,79.77
2012-07-05,1.2384,1.5531,79.95
2012-07-06,1.2283,1.548,79.61
2012-07-09,1.2299,1.5507,79.66
2012-07-10,1.2255,1.5506,79.44
2012-07-11,1.2244,1.5532,79.7
2012-07-12,1.2199,1.5425,79.29
2012-07-13,1.2232,1.555,79.2
2012-07-16,1.2267,1.5635,78.8
2012-07-17,1.2234,1.5613,79.04
2012-07-18,1.2261,1.5636,78.79
2012-07-19,1.2257,1.5719,78.6
2012-07-20,1.2176,1.563,78.49
2012-07-23,1.2126,1.5512,78.38
2012-07-24,1.2062,1.5521,78.19
2012-07-25,1.2132,1.5479,78.21
2012-07-26,1.228,1.5683,78.24
2012-07-27,1.237,1.5728,78.55
2012-07-30,1.225,1.5694,78.2
2012-07-31,1.2315,1.5686,78.1
2012-08-01,1.2299,1.5596,78.19
2012-08-02,1.2149,1.55,78.22
2012-08-03,1.239,1.565,78.6
2012-08-06,1.2422,1.5625,78.17
2012-08-07,1.2422,1.5658,78.71
2012-08-08,1.2364,1.5659,78.44
2012-08-09,1.2278,1.5623,78.64
2012-08-10,1.2298,1.5679,78.24
2012-08-13,1.2339,1.569,78.34
2012-08-14,1.2329,1.5692,78.82
2012-08-15,1.2288,1.5686,78.89
2012-08-16,1.2356,1.5738,79.25
2012-08-17,1.2315,1.5697,79.5
2012-08-20,1.2343,1.5707,79.41
2012-08-21,1.2472,1.5788,79.43
2012-08-22,1.2472,1.58,79.19
2012-08-23,1.2583,1.5882,78.46
2012-08-24,1.2533,1.5815,78.65
2012-08-27,1.2514,1.58,78.67
2012-08-28,1.2564,1.5828,78.5
2012-08-29,1.2538,1.5839,78.72
2012-08-30,1.2497,1.5794,78.55
2012-08-31,1.2578,1.5864,78.3
2012-09-04,1.2566,1.5889,78.35
2012-09-05,1.2603,1.5907,78.34
2012-09-06,1.2626,1.5922,78.96
2012-09-07,1.2796,1.6016,78.14
2012-09-10,1.2795,1.6009,78.24
2012-09-11,1.2858,1.6071,77.78
2012-09-12,1.2894,1.6111,77.86
2012-09-13,1.2912,1.6125,77.41
2012-09-14,1.3142,1.6244,78.22
2012-09-17,1.3125,1.6263,78.68
2012-09-18,1.3051,1.6251,78.59
2012-09-19,1.3065,1.6219,78.4
2012-09-20,1.2948,1.6198,78.3
2012-09-21,1.299,1.6251,78.17
2012-09-24,1.2909,1.6199,77.9
2012-09-25,1.2945,1.6232,77.91
2012-09-26,1.2852,1.6145,77.78
2012-09-27,1.2874,1.6217,77.62
2012-09-28,1.2856,1.6132,77.92
2012-10-01,1.29,1.6142,78.0
2012-10-02,1.2951,1.6186,78.01
2012-10-03,1.2909,1.6077,78.57
2012-10-04,1.3001,1.6165,78.44
2012-10-05,1.3059,1.6196,78.66
2012-10-09,1.2876,1.5987,78.23
2012-10-10,1.2888,1.6007,78.26
2012-10-11,1.2928,1.6028,78.44
2012-10-12,1.2946,1.6075,78.31
2012-10-15,1.295,1.6069,78.76
2012-10-16,1.3036,1.6101,78.92
2012-10-17,1.3133,1.6165,78.74
2012-10-18,1.3106,1.6141,79.24
2012-10-19,1.3022,1.6003,79.26
2012-10-22,1.3063,1.6028,79.84
2012-10-23,1.2971,1.5932,79.79
2012-10-24,1.2946,1.6015,79.82
2012-10-25,1.2958,1.6119,80.04
2012-10-26,1.2938,1.6098,79.63
2012-10-29,1.2906,1.6025,79.81
2012-10-30,1.2979,1.6083,79.58
2012-10-31,1.2958,1.6111,79.94
2012-11-01,1.2937,1.6142,80.14
2012-11-02,1.2848,1.6036,80.53
2012-11-05,1.279,1.5977,80.17
2012-11-06,1.2818,1.5985,80.28
2012-11-07,1.2759,1.5975,79.85
2012-11-08,1.274,1.5979,79.74
2012-11-09,1.2715,1.5912,79.46
2012-11-13,1.2716,1.5885,79.42
2012-11-14,1.274,1.5849,80.2
2012-11-15,1.2783,1.5865,81.16
2012-11-16,1.2715,1.5866,81.28
2012-11-19,1.2806,1.5908,81.18
2012-11-20,1.2814,1.5927,81.72
2012-11-21,1.2816,1.5936,82.36
2012-11-23,1.2959,1.6032,82.34
2012-11-26,1.2966,1.6014,82.11
2012-11-27,1.294,1.6028,82.23
2012-11-28,1.2923,1.5997,81.84
2012-11-29,1.2953,1.6026,82.06
2012-11-30,1.301,1.6027,82.54
2012-12-03,1.3066,1.6104,82.24
2012-12-04,1.3081,1.6097,81.86
2012-12-05,1.3077,1.6102,82.4
2012-12-06,1.2968,1.6066,82.29
2012-12-07,1.2942,1.6031,82.37
2012-12-10,1.293,1.6068,82.37
2012-12-11,1.2992,1.6103,82.42
2012-12-12,1.3038,1.6132,83.1
2012-12-13,1.3077,1.613,83.54
2012-12-14,1.3134,1.6139,83.52
2012-12-17,1.3169,1.6203,83.7
2012-12-18,1.3224,1.6256,84.0
2012-12-19,1.326,1.6275,84.32
2012-12-20,1.3224,1.6268,84.33
2012-12-21,1.3166,1.6167,84.1
2012-12-24,1.3179,1.6113,84.81
2012-12-26,1.3228,1.6118,85.62
2012-12-27,1.3228,1.6106,86.06
2012-12-28,1.322,1.6157,86.12
2012-12-31,1.3186,1.6262,86.64
2013-01-02,1.3195,1.6255,87.1
2013-01-03,1.311,1.6151,86.92
2013-01-04,1.3047,1.6036,88.14
2013-01-07,1.3099,1.608,87.68
2013-01-08,1.3068,1.604,87.31
2013-01-09,1.3078,1.6024,87.9
2013-01-10,1.322,1.6125,88.16
2013-01-11,1.3353,1.6128,89.22
2013-01-14,1.3369,1.6077,89.34
2013-01-15,1.3342,1.6089,88.65
2013-01-16,1.3305,1.6009,88.64
2013-01-17,1.3356,1.5991,89.41
2013-01-18,1.3303,1.5876,89.9
2013-01-22,1.3304,1.5862,88.62
2013-01-23,1.3308,1.5848,88.44
2013-01-24,1.3378,1.5789,90.04
2013-01-25,1.3456,1.5799,91.04
2013-01-28,1.3459,1.5686,90.73
2013-01-29,1.3484,1.5751,90.65
2013-01-30,1.3564,1.5793,91.05
2013-01-31,1.3584,1.5856,91.28
2013-02-01,1.3692,1.5744,92.54
2013-02-04,1.3527,1.5737,92.57
2013-02-05,1.3569,1.5652,93.34
2013-02-06,1.3528,1.5655,93.56
2013-02-07,1.3382,1.5712,93.24
2013-02-08,1.3366,1.5814,92.72
2013-02-11,1.3414,1.5668,93.44
2013-02-12,1.345,1.5654,93.14
2013-02-13,1.3448,1.5544,93.39
2013-02-14,1.3334,1.5502,93.1
2013-02-15,1.3362,1.5518,93.64
2013-02-19,1.3387,1.5432,93.54
2013-02-20,1.335,1.5301,93.53
2013-02-21,1.3204,1.5263,92.96
2013-02-22,1.3166,1.5256,93.35
2013-02-25,1.3172,1.5112,93.35
2013-02-26,1.3054,1.5125,91.38
2013-02-27,1.3104,1.5134,91.88
2013-02-28,1.3079,1.5192,92.36
2013-03-01,1.2988,1.5033,93.38
2013-03-04,1.2996,1.5084,93.32
2013-03-05,1.3019,1.5098,93.39
2013-03-06,1.299,1.5036,93.64
2013-03-07,1.3098,1.5032,95.0
2013-03-08,1.2992,1.4926,96.0
2013-03-11,1.3014,1.4898,96.12
2013-03-12,1.3023,1.4877,95.96
2013-03-13,1.2949,1.4925,96.0
2013-03-14,1.2974,1.5039,96.16
2013-03-15,1.3076,1.5124,95.26
2013-03-18,1.2956,1.5113,94.92
2013-03-19,1.2888,1.5118,94.85
2013-03-20,1.295,1.5133,95.51
2013-03-21,1.2928,1.518,95.06
2013-03-22,1.2996,1.5239,94.48
2013-03-25,1.2881,1.5184,94.34
2013-03-26,1.2858,1.5156,94.22
2013-03-27,1.2782,1.5112,94.38
2013-03-28,1.2842,1.5184,94.02
2013-03-29,1.2816,1.5193,94.16
2013-04-01,1.2857,1.5232,93.3
2013-04-02,1.2836,1.5113,93.43
2013-04-03,1.2847,1.514,92.96
2013-04-04,1.2854,1.5198,96.12
2013-04-05,1.3027,1.5336,96.86
2013-04-08,1.3008,1.5257,98.9
2013-04-09,1.3092,1.5317,99.02
2013-04-10,1.306,1.5315,99.61
2013-04-11,1.3124,1.5403,99.42
2013-04-12,1.3094,1.5373,98.98
2013-04-15,1.3082,1.532,98.0
2013-04-16,1.3141,1.5316,97.86
2013-04-17,1.3049,1.5255,97.74
2013-04-18,1.3072,1.5282,98.22
2013-04-19,1.3066,1.5254,99.28
2013-04-22,1.305,1.5262,99.29
2013-04-23,1.3012,1.5267,99.43
2013-04-24,1.2997,1.5258,99.39
2013-04-25,1.3004,1.5434,99.42
2013-04-26,1.3024,1.5479,97.84
2013-04-29,1.309,1.5497,98.09
2013-04-30,1.3168,1.5539,97.52
2013-05-01,1.3192,1.5578,97.28
2013-05-02,1.3066,1.5519,97.96
2013-05-03,1.3112,1.5563,99.1
2013-05-06,1.3067,1.5538,99.35
2013-05-07,1.3085,1.5468,99.0
2013-05-08,1.3177,1.5563,98.9
2013-05-09,1.3105,1.5502,99.29
2013-05-10,1.2955,1.5334,101.74
2013-05-13,1.2981,1.5291,101.84
2013-05-14,1.2969,1.5258,102.18
2013-05-15,1.2857,1.5198,102.44
2013-05-16,1.2898,1.5302,102.22
2013-05-17,1.2818,1.5173,102.98
2013-05-20,1.2865,1.5223,102.54
2013-05-21,1.291,1.517,102.36
2013-05-22,1.2864,1.5038,103.52
2013-05-23,1.2944,1.512,101.66
2013-05-24,1.292,1.5126,100.98
2013-05-28,1.287,1.5061,102.07
2013-05-29,1.2944,1.5121,100.91
2013-05-30,1.3042,1.5207,101.06
2013-05-31,1.2988,1.5185,100.83
2013-06-03,1.3098,1.5349,99.18
2013-06-04,1.3075,1.5304,100.15
2013-06-05,1.3088,1.5392,99.16
2013-06-06,1.3248,1.5601,97.76
2013-06-07,1.3242,1.5558,97.2
2013-06-10,1.3234,1.5556,98.88
2013-06-11,1.3278,1.5587,96.82
2013-06-12,1.3354,1.5697,95.36
2013-06-13,1.3314,1.5698,94.29
2013-06-14,1.333,1.5686,94.34
2013-06-17,1.3341,1.5709,94.87
2013-06-18,1.3407,1.5625,95.2
2013-06-19,1.3404,1.5657,95.22
2013-06-20,1.3214,1.5469,98.18
2013-06-21,1.3113,1.5373,97.48
2013-06-24,1.3091,1.5404,97.7
2013-06-25,1.308,1.5418,97.87
2013-06-26,1.3006,1.5332,97.43
2013-06-27,1.3016,1.5235,98.4
2013-06-28,1.301,1.521,99.21
2013-07-01,1.306,1.5247,99.62
2013-07-02,1.3017,1.5171,100.43
2013-07-03,1.3005,1.5264,99.82
2013-07-05,1.2831,1.491,100.94
2013-07-08,1.2863,1.4932,101.07
2013-07-09,1.2774,1.4837,101.08
2013-07-10,1.2846,1.4935,100.1
2013-07-11,1.3046,1.5127,98.8
2013-07-12,1.3048,1.5108,99.39
2013-07-15,1.3039,1.5088,100.04
2013-07-16,1.3144,1.5122,99.37
2013-07-17,1.3094,1.5184,99.7
2013-07-18,1.3078,1.5193,100.6
2013-07-19,1.3142,1.526,100.3
2013-07-22,1.3193,1.5366,99.6
2013-07-23,1.3212,1.5354,99.76
2013-07-24,1.3228,1.5367,100.21
2013-07-25,1.3234,1.5333,99.56
2013-07-26,1.3269,1.5368,98.24
2013-07-29,1.3262,1.5355,97.8
2013-07-30,1.3266,1.5244,98.02
2013-07-31,1.3282,1.5177,98.35
2013-08-01,1.3217,1.5145,99.3
2013-08-02,1.3268,1.5277,99.04
2013-08-05,1.3257,1.5347,98.54
2013-08-06,1.3296,1.5367,97.85
2013-08-07,1.3329,1.5514,96.72
2013-08-08,1.3392,1.5555,96.03
2013-08-09,1.3338,1.5507,96.24
2013-08-12,1.3312,1.5475,96.44
2013-08-13,1.3247,1.5451,98.06
2013-08-14,1.3256,1.5531,98.15
2013-08-15,1.3263,1.5573,97.81
2013-08-16,1.3321,1.5621,97.6
2013-08-19,1.3348,1.5665,97.94
2013-08-20,1.3426,1.5678,97.12
2013-08-21,1.3368,1.5678,97.66
2013-08-22,1.3362,1.558,98.53
2013-08-23,1.3392,1.5578,98.57
2013-08-26,1.3369,1.5568,98.64
2013-08-27,1.3387,1.5528,97.3
2013-08-28,1.3326,1.552,97.65
2013-08-29,1.3228,1.5488,98.46
2013-08-30,1.3196,1.5468,98.22
2013-09-03,1.3164,1.5544,99.43
2013-09-04,1.3212,1.5643,99.61
2013-09-05,1.312,1.5593,100.08
2013-09-06,1.3166,1.5633,99.04
2013-09-09,1.326,1.5724,99.55
2013-09-10,1.326,1.5731,100.22
2013-09-11,1.3301,1.5807,100.08
2013-09-12,1.3315,1.5819,99.24
2013-09-13,1.3276,1.5861,99.38
2013-09-16,1.335,1.5927,98.98
2013-09-17,1.3357,1.5901,99.16
2013-09-18,1.3351,1.5965,99.04
2013-09-19,1.3527,1.6043,99.33
2013-09-20,1.3522,1.6021,99.38
2013-09-23,1.352,1.6066,98.76
2013-09-24,1.349,1.6006,98.76
2013-09-25,1.3536,1.608,98.62
2013-09-26,1.3484,1.6012,98.95
2013-09-27,1.3537,1.6135,98.3
2013-09-30,1.3535,1.6179,98.29
2013-10-01,1.3534,1.6208,98.05
2013-10-02,1.3592,1.6224,97.36
2013-10-03,1.3642,1.6169,97.08
2013-10-04,1.3582,1.6069,97.2
2013-10-07,1.3569,1.6082,97.02
2013-10-08,1.3582,1.6089,96.94
2013-10-09,1.3513,1.5943,97.23
2013-10-10,1.3535,1.5975,98.09
2013-10-11,1.3559,1.5945,98.42
2013-10-15,1.3494,1.5974,98.58
2013-10-16,1.349,1.5904,98.9
2013-10-17,1.3664,1.6166,97.85
2013-10-18,1.3693,1.6184,97.77
2013-10-21,1.3672,1.6149,98.14
2013-10-22,1.3778,1.6221,98.18
2013-10-23,1.3786,1.6171,97.28
2013-10-24,1.381,1.6186,97.36
2013-10-25,1.3794,1.6158,97.46
2013-10-28,1.3786,1.6131,97.7
2013-10-29,1.377,1.6059,98.09
2013-10-30,1.3771,1.6078,98.14
2013-10-31,1.3594,1.6068,98.1
2013-11-01,1.3488,1.5922,98.78
2013-11-04,1.3516,1.595,98.62
2013-11-05,1.347,1.6044,98.6
2013-11-06,1.353,1.608,98.6
2013-11-07,1.339,1.6069,98.56
2013-11-08,1.3357,1.5995,99.03
2013-11-12,1.3428,1.5916,99.65
2013-11-13,1.3456,1.6033,99.31
2013-11-14,1.3468,1.6077,99.93
2013-11-15,1.348,1.6107,100.17
2013-11-18,1.352,1.611,100.04
2013-11-19,1.3529,1.611,100.14
2013-11-20,1.3451,1.615,100.02
2013-11-21,1.347,1.6155,100.95
2013-11-22,1.3547,1.6211,101.29
2013-11-25,1.3502,1.6146,101.7
2013-11-26,1.3555,1.6187,101.38
2013-11-27,1.3563,1.6267,102.18
2013-11-29,1.3606,1.6373,102.45
2013-12-02,1.3552,1.6365,103.04
2013-12-03,1.3604,1.6416,102.36
2013-12-04,1.3555,1.6352,102.48
2013-12-05,1.3664,1.6328,101.82
2013-12-06,1.369,1.6327,102.88
2013-12-09,1.3726,1.6403,103.22
2013-12-10,1.3765,1.6424,102.8
2013-12-11,1.3798,1.6389,102.38
2013-12-12,1.3752,1.6326,103.11
2013-12-13,1.3724,1.6294,103.28
2013-12-16,1.3757,1.6311,102.91
2013-12-17,1.3748,1.6254,102.63
2013-12-18,1.3766,1.6388,103.18
2013-12-19,1.3666,1.6382,104.16
2013-12-20,1.3673,1.6355,104.07
2013-12-23,1.3701,1.6356,104.06
2013-12-24,1.3676,1.6371,104.26
2013-12-26,1.369,1.6425,104.72
2013-12-27,1.3766,1.6491,105.05
2013-12-30,1.3816,1.6522,105.0
2013-12-31,1.3779,1.6574,105.25
2014-01-02,1.367,1.6441,104.84
2014-01-03,1.3606,1.6424,104.46
2014-01-06,1.3636,1.6412,104.38
2014-01-07,1.3618,1.6421,104.54
2014-01-08,1.3586,1.6461,104.87
2014-01-09,1.3591,1.6459,104.74
2014-01-10,1.3664,1.647,104.06
2014-01-13,1.3647,1.6379,103.31
2014-01-14,1.3682,1.645,103.8
2014-01-15,1.3604,1.6375,104.42
2014-01-16,1.36,1.6335,104.32
2014-01-17,1.3554,1.6429,104.32
2014-01-21,1.356,1.6469,104.14
2014-01-22,1.3546,1.6571,104.36
2014-01-23,1.368,1.6612,103.65
2014-01-24,1.368,1.6491,102.41
2014-01-27,1.3679,1.6588,102.26
2014-01-28,1.3662,1.6581,102.8
2014-01-29,1.3663,1.6561,102.2
2014-01-30,1.3549,1.6487,102.83
2014-01-31,1.35,1.645,102.28
2014-02-03,1.3523,1.6307,101.11
2014-02-04,1.3507,1.63,101.62
2014-02-05,1.3519,1.6308,101.38
2014-02-06,1.3604,1.6345,101.84
2014-02-07,1.3614,1.6395,102.32
2014-02-10,1.3644,1.6419,102.14
2014-02-11,1.3654,1.6468,102.63
2014-02-12,1.3592,1.6578,102.48
2014-02-13,1.3669,1.6643,102.2
2014-02-14,1.369,1.6736,101.82
2014-02-18,1.3758,1.6696,102.31
2014-02-19,1.3762,1.6718,102.3
2014-02-20,1.369,1.664,102.32
2014-02-21,1.3722,1.663,102.71
2014-02-24,1.3744,1.6641,102.44
2014-02-25,1.3749,1.6696,102.2
2014-02-26,1.3668,1.6648,102.36
2014-02-27,1.3724,1.6693,102.12
2014-02-28,1.3806,1.675,102.08
2014-03-03,1.3763,1.6712,101.36
2014-03-04,1.3731,1.6665,102.18
2014-03-05,1.3734,1.6729,102.32
2014-03-06,1.3848,1.6743,103.03
2014-03-07,1.3868,1.6725,103.38
2014-03-10,1.388,1.6633,103.23
2014-03-11,1.3867,1.6628,103.18
2014-03-12,1.3904,1.6605,102.74
2014-03-13,1.3927,1.6677,102.12
2014-03-14,1.3924,1.663,101.46
2014-03-17,1.3927,1.6645,101.62
2014-03-18,1.3913,1.6574,101.37
2014-03-19,1.391,1.6629,101.54
2014-03-20,1.3784,1.6511,102.39
2014-03-21,1.3783,1.6498,102.38
2014-03-24,1.3784,1.6491,102.21
2014-03-25,1.3777,1.6507,102.32
2014-03-26,1.3786,1.6566,102.3
2014-03-27,1.3752,1.6627,102.1
2014-03-28,1.3753,1.6637,102.92
2014-03-31,1.3777,1.6675,102.98
2014-04-01,1.3804,1.6639,103.52
2014-04-02,1.3761,1.6634,103.82
2014-04-03,1.3708,1.6583,103.94
2014-04-04,1.3704,1.6594,103.39
2014-04-07,1.3745,1.6616,103.04
2014-04-08,1.3802,1.6743,102.12
2014-04-09,1.3816,1.6751,101.85
2014-04-10,1.3892,1.6781,101.43
2014-04-11,1.3898,1.6736,101.56
2014-04-14,1.3824,1.6741,101.81
2014-04-15,1.3806,1.6725,101.6
2014-04-16,1.382,1.6794,102.3
2014-04-17,1.3832,1.6809,102.22
2014-04-18,1.3816,1.6792,102.43
2014-04-21,1.379,1.6792,102.56
2014-04-22,1.3804,1.6833,102.6
2014-04-23,1.3814,1.6768,102.26
2014-04-24,1.3828,1.6797,102.34
2014-04-25,1.3838,1.681,102.12
2014-04-28,1.3844,1.6812,102.46
2014-04-29,1.3808,1.6829,102.57
2014-04-30,1.387,1.6883,102.14
2014-05-01,1.3867,1.69,102.3
2014-05-02,1.3864,1.6865,102.34
2014-05-05,1.3884,1.687,102.06
2014-05-06,1.3924,1.6976,101.57
2014-05-07,1.3917,1.6964,101.72
2014-05-08,1.3864,1.6944,101.66
2014-05-09,1.3763,1.6849,101.74
2014-05-12,1.376,1.6871,102.1
2014-05-13,1.3711,1.6838,102.2
2014-05-14,1.3718,1.6784,101.75
2014-05-15,1.3712,1.6791,101.44
2014-05-16,1.3708,1.6827,101.5
2014-05-19,1.3716,1.6822,101.26
2014-05-20,1.3702,1.6847,101.26
2014-05-21,1.3657,1.6869,101.44
2014-05-22,1.3652,1.6859,101.76
2014-05-23,1.3628,1.6822,101.88
2014-05-27,1.3618,1.68,102.14
2014-05-28,1.3596,1.6709,101.78
2014-05-29,1.3608,1.6719,101.58
2014-05-30,1.364,1.6764,101.77
2014-06-02,1.3606,1.6756,102.3
2014-06-03,1.3624,1.6753,102.42
2014-06-04,1.3619,1.6747,102.69
2014-06-05,1.3618,1.6796,102.44
2014-06-06,1.3639,1.6794,102.5
2014-06-09,1.3589,1.6798,102.52
2014-06-10,1.3543,1.6753,102.37
2014-06-11,1.3532,1.6795,101.94
2014-06-12,1.3556,1.6853,101.83
2014-06-13,1.3522,1.6953,102.06
2014-06-16,1.3578,1.6988,101.82
2014-06-17,1.3543,1.6965,102.18
2014-06-18,1.3567,1.6951,102.16
2014-06-19,1.362,1.7046,101.84
2014-06-20,1.3586,1.7014,102.14
2014-06-23,1.3593,1.701,101.9
2014-06-24,1.3588,1.6971,102.13
2014-06-25,1.3638,1.6986,101.75
2014-06-26,1.361,1.7018,101.66
2014-06-27,1.3631,1.7016,101.39
2014-06-30,1.369,1.7105,101.28
2014-07-01,1.3681,1.7147,101.51
2014-07-02,1.3656,1.7165,101.76
2014-07-03,1.361,1.7152,102.19
2014-07-07,1.3604,1.7128,101.84
2014-07-08,1.3614,1.7127,101.53
2014-07-09,1.363,1.713,101.7
2014-07-10,1.36,1.7122,101.26
2014-07-11,1.3598,1.7108,101.33
2014-07-14,1.362,1.7079,101.58
2014-07-15,1.3573,1.7149,101.62
2014-07-16,1.353,1.7131,101.69
2014-07-17,1.353,1.7104,101.3
2014-07-18,1.3515,1.7069,101.37
2014-07-21,1.3524,1.7067,101.34
2014-07-22,1.347,1.7058,101.54
2014-07-23,1.3462,1.7036,101.5
2014-07-24,1.3468,1.6981,101.82
2014-07-25,1.3431,1.6972,101.81
2014-07-28,1.344,1.6991,101.82
2014-07-29,1.341,1.6939,102.12
2014-07-30,1.3378,1.6903,102.9
2014-07-31,1.339,1.6889,102.75
2014-08-01,1.3436,1.6832,102.45
2014-08-04,1.3414,1.6841,102.47
2014-08-05,1.3366,1.6874,102.77
2014-08-06,1.3355,1.6833,102.34
2014-08-07,1.3362,1.6849,102.06
2014-08-08,1.3412,1.6778,101.91
2014-08-11,1.3385,1.6787,102.14
2014-08-12,1.3357,1.6806,102.22
2014-08-13,1.3367,1.6696,102.48
2014-08-14,1.3376,1.6694,102.44
2014-08-15,1.3392,1.6686,102.19
2014-08-18,1.3358,1.672,102.54
2014-08-19,1.332,1.662,102.86
2014-08-20,1.3284,1.6633,103.36
2014-08-21,1.3284,1.6589,103.78
2014-08-22,1.3237,1.6574,103.97
2014-08-25,1.3206,1.6585,103.96
2014-08-26,1.3189,1.657,104.12
2014-08-27,1.3192,1.6573,103.98
2014-08-28,1.3178,1.6579,103.78
2014-08-29,1.315,1.6585,104.0
2014-09-02,1.3124,1.6502,105.1
2014-09-03,1.3136,1.6451,104.88
2014-09-04,1.2926,1.6349,105.22
2014-09-05,1.2956,1.6312,104.94
2014-09-08,1.2948,1.6141,105.65
2014-09-09,1.2909,1.6088,106.32
2014-09-10,1.2908,1.6134,106.76
2014-09-11,1.2936,1.6225,106.87
2014-09-12,1.2955,1.6243,107.24
2014-09-15,1.2951,1.6243,107.18
2014-09-16,1.2976,1.629,106.91
2014-09-17,1.2958,1.6329,107.58
2014-09-18,1.2913,1.6372,108.69
2014-09-19,1.2835,1.6314,108.96
2014-09-22,1.2829,1.634,108.88
2014-09-23,1.2858,1.637,108.82
2014-09-24,1.2788,1.6344,108.92
2014-09-25,1.2748,1.6313,108.7
2014-09-26,1.2686,1.6254,109.32
2014-09-29,1.2703,1.6262,109.34
2014-09-30,1.2628,1.622,109.66
2014-10-01,1.2618,1.6216,109.3
2014-10-02,1.267,1.614,108.1
2014-10-03,1.2517,1.5962,109.7
2014-10-06,1.2592,1.6029,109.08
2014-10-07,1.2626,1.6072,108.3
2014-10-08,1.2683,1.6068,108.41
2014-10-09,1.2683,1.6123,108.0
2014-10-10,1.2636,1.6049,107.83
2014-10-14,1.266,1.593,107.15
2014-10-15,1.2778,1.5959,106.06
2014-10-16,1.2812,1.6065,105.98
2014-10-17,1.2755,1.6086,106.72
2014-10-20,1.2783,1.6137,106.87
2014-10-21,1.2724,1.6134,106.7
2014-10-22,1.2658,1.607,107.32
2014-10-23,1.2658,1.6037,108.16
2014-10-24,1.2675,1.6098,108.06
2014-10-27,1.2712,1.6133,107.71
2014-10-28,1.2747,1.6157,108.0
2014-10-29,1.2762,1.6149,108.1
2014-10-30,1.2622,1.6023,108.94
2014-10-31,1.253,1.5999,112.09
2014-11-03,1.2487,1.5986,113.92
2014-11-04,1.2554,1.5991,113.44
2014-11-05,1.2488,1.5984,114.62
2014-11-06,1.2414,1.5862,114.87
2014-11-07,1.2422,1.5844,114.73
2014-11-10,1.2425,1.5857,114.78
2014-11-12,1.2456,1.5815,115.42
2014-11-13,1.2476,1.5717,115.63
2014-11-14,1.2494,1.5657,116.52
2014-11-17,1.2447,1.5645,116.44
2014-11-18,1.2534,1.5648,116.76
2014-11-19,1.2548,1.567,117.7
2014-11-20,1.2526,1.5683,118.14
2014-11-21,1.2394,1.5672,117.74
2014-11-24,1.2427,1.5701,118.39
2014-11-25,1.2472,1.5714,117.99
2014-11-26,1.2503,1.5787,117.6
2014-11-28,1.2438,1.5638,118.7
2014-12-01,1.249,1.5743,118.14
2014-12-02,1.239,1.5651,119.1
2014-12-03,1.2304,1.57,119.82
2014-12-04,1.2432,1.5707,119.67
2014-12-05,1.2304,1.56,121.38
2014-12-08,1.2292,1.5625,120.89
2014-12-09,1.2415,1.5694,118.87
2014-12-10,1.2425,1.5689,118.5
2014-12-11,1.2397,1.5712,119.4
2014-12-12,1.2484,1.5728,118.22
2014-12-15,1.247,1.5663,117.75
2014-12-16,1.2504,1.5736,117.28
2014-12-17,1.2406,1.5652,117.64
2014-12-18,1.2291,1.5662,118.84
2014-12-19,1.2235,1.5609,119.56
2014-12-22,1.2252,1.5618,119.84
2014-12-23,1.218,1.5517,120.68
2014-12-24,1.2188,1.5549,120.45
2014-12-29,1.2179,1.5524,120.57
2014-12-30,1.2174,1.5573,119.34
2014-12-31,1.2101,1.5578,119.85
2015-01-02,1.2015,1.5361,120.2
2015-01-05,1.1918,1.5234,119.64
2015-01-06,1.1936,1.5174,118.26
2015-01-07,1.182,1.5073,119.52
2015-01-08,1.1811,1.5118,119.51
2015-01-09,1.183,1.5151,118.66
2015-01-12,1.1832,1.5168,118.32
2015-01-13,1.1779,1.5166,118.16
2015-01-14,1.1806,1.5234,116.78
2015-01-15,1.1598,1.5161,116.95
2015-01-16,1.1517,1.5132,117.45
2015-01-20,1.1559,1.5162,118.48
2015-01-21,1.1584,1.5118,117.86
2015-01-22,1.1414,1.5052,117.92
2015-01-23,1.1279,1.5022,117.8
2015-01-26,1.129,1.5088,118.38
2015-01-27,1.137,1.5196,117.62
2015-01-28,1.1342,1.5165,117.74
2015-01-29,1.1308,1.5043,118.31
2015-01-30,1.129,1.5026,117.44
2015-02-02,1.1337,1.5027,117.33
2015-02-03,1.1462,1.5129,117.48
2015-02-04,1.1418,1.5209,117.58
2015-02-05,1.1432,1.5293,117.4
2015-02-06,1.133,1.5247,119.16
2015-02-09,1.1316,1.5217,118.7
2015-02-10,1.1316,1.5252,119.32
2015-02-11,1.13,1.5232,120.38
2015-02-12,1.141,1.538,118.72
2015-02-13,1.1408,1.5394,118.7
2015-02-17,1.1395,1.5349,118.99
2015-02-18,1.1342,1.543,119.19
2015-02-19,1.1392,1.5451,118.84
2015-02-20,1.1372,1.5385,118.68
2015-02-23,1.1346,1.5465,118.88
2015-02-24,1.1307,1.5434,119.13
2015-02-25,1.1363,1.5499,118.88
2015-02-26,1.1212,1.5424,119.36
2015-02-27,1.1197,1.5439,119.72
2015-03-02,1.119,1.5371,120.06
2015-03-03,1.1212,1.5391,119.47
2015-03-04,1.107,1.5266,119.76
2015-03-05,1.1006,1.5229,120.22
2015-03-06,1.0855,1.5063,120.93
2015-03-09,1.0846,1.5097,121.17
2015-03-10,1.0707,1.5086,121.2
2015-03-11,1.0576,1.4945,121.5
2015-03-12,1.0615,1.4907,121.28
2015-03-13,1.0524,1.4755,121.17
2015-03-16,1.0575,1.48,121.3
2015-03-17,1.0605,1.4744,121.28
2015-03-18,1.0643,1.4686,120.92
2015-03-19,1.0621,1.4729,120.9
2015-03-20,1.0792,1.4923,120.28
2015-03-23,1.0928,1.4936,119.74
2015-03-24,1.0908,1.487,119.9
2015-03-25,1.0986,1.4915,119.37
2015-03-26,1.0919,1.4844,119.01
2015-03-27,1.0891,1.4878,119.15
2015-03-30,1.0818,1.4792,120.11
2015-03-31,1.0741,1.485,119.96
2015-04-01,1.0768,1.4823,119.62
2015-04-02,1.0874,1.4842,119.74
2015-04-03,1.099,1.4916,118.96
2015-04-06,1.1008,1.4959,119.05
2015-04-07,1.085,1.4857,120.36
2015-04-08,1.0818,1.4924,119.96
2015-04-09,1.0671,1.4739,120.32
2015-04-10,1.0598,1.4648,120.29
2015-04-13,1.0582,1.4658,120.32
2015-04-14,1.0672,1.479,119.26
2015-04-15,1.0596,1.4782,119.23
2015-04-16,1.0742,1.4923,119.18
2015-04-17,1.078,1.4942,119.02
2015-04-20,1.0763,1.4913,119.27
2015-04-21,1.0758,1.4944,119.45
2015-04-22,1.0729,1.5027,119.9
2015-04-23,1.0803,1.5047,119.69
2015-04-24,1.0876,1.5176,118.98
2015-04-27,1.0892,1.5235,119.12
2015-04-28,1.0979,1.5328,118.8
2015-04-29,1.1174,1.5485,118.83
2015-04-30,1.1162,1.5328,119.86
2015-05-01,1.1194,1.5137,120.21
2015-05-04,1.1145,1.5118,120.25
2015-05-05,1.1174,1.5178,119.87
2015-05-06,1.1345,1.5244,119.42
2015-05-07,1.1283,1.5223,119.74
2015-05-08,1.1241,1.5455,119.78
2015-05-11,1.1142,1.5593,120.05
2015-05-12,1.124,1.5685,119.8
2015-05-13,1.1372,1.5748,119.09
2015-05-14,1.1368,1.5766,119.2
2015-05-15,1.1428,1.5772,119.36
2015-05-18,1.1354,1.5679,119.82
2015-05-19,1.1151,1.5523,120.58
2015-05-20,1.1079,1.5544,121.28
2015-05-21,1.1126,1.5672,121.06
2015-05-22,1.1033,1.5484,121.45
2015-05-26,1.0876,1.5398,123.08
2015-05-27,1.0888,1.5324,123.76
2015-05-28,1.0914,1.5291,124.18
2015-05-29,1.0994,1.5286,123.98
2015-06-01,1.0913,1.5187,124.64
2015-06-02,1.113,1.5331,124.19
2015-06-03,1.1285,1.5351,124.06
2015-06-04,1.1271,1.5367,124.56
2015-06-05,1.1108,1.5267,125.58
2015-06-08,1.1232,1.528,125.08
2015-06-09,1.1284,1.5383,124.16
2015-06-10,1.1307,1.553,122.72
2015-06-11,1.1236,1.5493,123.62
2015-06-12,1.1278,1.5587,123.23
2015-06-15,1.1266,1.5572,123.38
2015-06-16,1.1238,1.5637,123.39
2015-06-17,1.1244,1.5708,124.25
2015-06-18,1.1404,1.5882,122.87
2015-06-19,1.1335,1.5881,122.7
2015-06-22,1.1378,1.5823,123.28
2015-06-23,1.119,1.5751,123.71
2015-06-24,1.1178,1.5681,124.24
2015-06-25,1.1196,1.5728,123.63
2015-06-26,1.1156,1.5739,123.92
2015-06-29,1.118,1.5764,122.5
2015-06-30,1.1154,1.5727,122.1
2015-07-01,1.1084,1.5617,123.02
2015-07-02,1.109,1.5614,123.14
2015-07-06,1.1076,1.5619,122.53
2015-07-07,1.0952,1.5443,122.16
2015-07-08,1.1072,1.5353,120.54
2015-07-09,1.1025,1.5375,121.22
2015-07-10,1.115,1.5503,122.75
2015-07-13,1.102,1.5518,123.35
2015-07-14,1.1015,1.5584,123.39
2015-07-15,1.0965,1.5621,123.89
2015-07-16,1.0898,1.5601,124.04
2015-07-17,1.0848,1.5624,124.0
2015-07-20,1.085,1.5587,124.24
2015-07-21,1.0927,1.555,123.93
2015-07-22,1.0884,1.5617,124.08
2015-07-23,1.0976,1.5533,123.88
2015-07-24,1.0976,1.5514,123.74
2015-07-27,1.1112,1.5595,123.24
2015-07-28,1.1055,1.5617,123.52
2015-07-29,1.1026,1.5624,123.86
2015-07-30,1.0914,1.5581,124.38
2015-07-31,1.1028,1.5634,123.94
2015-08-03,1.0962,1.5603,123.98
2015-08-04,1.0953,1.5612,124.0
2015-08-05,1.0868,1.5604,124.84
2015-08-06,1.0922,1.5521,124.6
2015-08-07,1.0958,1.5467,124.27
2015-08-10,1.0994,1.5546,124.55
2015-08-11,1.1042,1.5572,124.9
2015-08-12,1.1198,1.5639,123.87
2015-08-13,1.1144,1.5595,124.32
2015-08-14,1.111,1.5625,124.27
2015-08-17,1.1078,1.5598,124.33
2015-08-18,1.1028,1.5658,124.39
2015-08-19,1.1061,1.5645,124.1
2015-08-20,1.12,1.5688,123.54
2015-08-21,1.1356,1.5698,122.11
2015-08-24,1.158,1.5731,118.56
2015-08-25,1.141,1.5698,119.91
2015-08-26,1.139,1.5493,119.07
2015-08-27,1.1239,1.5411,120.89
2015-08-28,1.1172,1.5362,121.32
2015-08-31,1.1194,1.5363,121.26
2015-09-01,1.1263,1.5341,119.94
2015-09-02,1.1242,1.531,120.0
2015-09-03,1.1104,1.5254,120.2
2015-09-04,1.1117,1.5195,119.05
2015-09-08,1.1182,1.5381,119.72
2015-09-09,1.1165,1.5363,120.94
2015-09-10,1.1262,1.5457,120.71
2015-09-11,1.1338,1.5426,120.66
2015-09-14,1.1307,1.5423,119.92
2015-09-15,1.126,1.5352,120.3
2015-09-16,1.1304,1.5499,120.62
2015-09-17,1.1312,1.5509,120.9
2015-09-18,1.1358,1.5573,119.85
2015-09-21,1.1204,1.5506,120.46
2015-09-22,1.1133,1.5356,120.04
2015-09-23,1.116,1.5243,120.12
2015-09-24,1.1252,1.5254,119.54
2015-09-25,1.1192,1.5172,120.74
2015-09-28,1.1236,1.5208,119.82
2015-09-29,1.1246,1.5168,119.76
2015-09-30,1.1162,1.5116,119.81
2015-10-01,1.12,1.5162,119.58
2015-10-02,1.1276,1.5216,119.42
2015-10-05,1.12,1.5165,120.36
2015-10-06,1.1266,1.5227,120.18
2015-10-07,1.1249,1.5315,119.9
2015-10-08,1.1282,1.5316,119.94
2015-10-09,1.1363,1.5315,120.3
2015-10-13,1.1382,1.5242,119.8
2015-10-14,1.1437,1.5445,119.21
2015-10-15,1.1418,1.5475,118.26
2015-10-16,1.136,1.5441,119.6
2015-10-19,1.132,1.5471,119.5
2015-10-20,1.1359,1.547,119.79
2015-10-21,1.1345,1.5463,119.91
2015-10-22,1.114,1.5399,120.5
2015-10-23,1.1016,1.534,121.2
2015-10-26,1.1051,1.5361,120.87
2015-10-27,1.1052,1.5312,120.29
2015-10-28,1.1066,1.5319,120.56
2015-10-29,1.0963,1.5296,121.14
2015-10-30,1.1042,1.5445,120.7
2015-11-02,1.1026,1.5428,120.7
2015-11-03,1.0946,1.5404,121.2
2015-11-04,1.0861,1.5377,121.52
2015-11-05,1.0869,1.5236,121.71
2015-11-06,1.0746,1.5071,123.2
2015-11-09,1.0767,1.5124,123.04
2015-11-10,1.0686,1.511,123.22
2015-11-12,1.0768,1.5206,122.84
2015-11-13,1.0722,1.5208,122.93
2015-11-16,1.0708,1.5204,123.11
2015-11-17,1.0634,1.5214,123.48
2015-11-18,1.0638,1.521,123.51
2015-11-19,1.0746,1.5327,122.71
2015-11-20,1.066,1.5199,122.8
2015-11-23,1.0602,1.5125,123.02
2015-11-24,1.0652,1.5057,122.47
2015-11-25,1.0616,1.5109,122.7
2015-11-27,1.0596,1.504,122.84
2015-11-30,1.0562,1.5044,123.22
2015-12-01,1.062,1.5074,122.88
2015-12-02,1.0573,1.4927,123.52
2015-12-03,1.0902,1.5088,123.06
2015-12-04,1.0884,1.51,123.1
2015-12-07,1.084,1.5076,123.31
2015-12-08,1.0876,1.5,123.0
2015-12-09,1.0984,1.5168,121.86
2015-12-10,1.0948,1.5176,121.44
2015-12-11,1.1002,1.5213,120.94
2015-12-14,1.1025,1.513,120.57
2015-12-15,1.0911,1.5044,121.66
2015-12-16,1.0937,1.5013,121.88
2015-12-17,1.0804,1.4876,122.75
2015-12-18,1.0847,1.4914,121.2
2015-12-21,1.092,1.4906,120.99
2015-12-22,1.0978,1.4811,120.94
2015-12-23,1.0875,1.4863,120.94
2015-12-24,1.0955,1.4943,120.32
2015-12-28,1.0983,1.4883,120.3
2015-12-29,1.0916,1.4794,120.44
2015-12-30,1.0912,1.4832,120.6
2015-12-31,1.0859,1.4746,120.27
2016-01-04,1.0803,1.4686,119.3
2016-01-05,1.0743,1.4664,118.95
2016-01-06,1.0762,1.4626,118.54
2016-01-07,1.086,1.4579,118.0
2016-01-08,1.0885,1.4523,117.74
2016-01-11,1.0878,1.4564,117.48
2016-01-12,1.0837,1.4403,117.78
2016-01-13,1.0862,1.447,118.06
2016-01-14,1.0862,1.4409,118.03
2016-01-15,1.0964,1.4289,116.78
2016-01-19,1.0906,1.4171,117.66
2016-01-20,1.0908,1.4167,116.38
2016-01-21,1.0833,1.4198,117.61
2016-01-22,1.0814,1.4308,118.37
2016-01-25,1.0832,1.4245,118.55
2016-01-26,1.0846,1.4342,118.5
2016-01-27,1.0867,1.4261,118.9
2016-01-28,1.0952,1.4351,118.61
2016-01-29,1.0832,1.4184,121.05
2016-02-01,1.0888,1.4367,121.06
2016-02-02,1.0908,1.4399,120.27
2016-02-03,1.1051,1.4576,117.92
2016-02-04,1.1199,1.458,116.75
2016-02-05,1.1131,1.4468,116.99
2016-02-08,1.117,1.4415,115.7
2016-02-09,1.13,1.4473,114.8
2016-02-10,1.1222,1.4473,114.03
2016-02-11,1.1362,1.4448,111.72
2016-02-12,1.1235,1.446,112.96
2016-02-16,1.114,1.429,113.9
2016-02-17,1.114,1.4317,114.14
2016-02-18,1.1092,1.4333,113.62
2016-02-19,1.1127,1.4343,112.42
2016-02-22,1.1018,1.4157,113.12
2016-02-23,1.1016,1.404,112.17
2016-02-24,1.1021,1.3932,111.36
2016-02-25,1.1026,1.3937,112.7
2016-02-26,1.0932,1.3867,113.78
2016-02-29,1.0868,1.3926,112.9
2016-03-01,1.0847,1.3948,113.94
2016-03-02,1.0845,1.4059,113.81
2016-03-03,1.0948,1.4152,113.53
2016-03-04,1.101,1.4226,113.91
2016-03-07,1.1004,1.4256,113.6
2016-03-08,1.1028,1.4225,112.58
2016-03-09,1.1022,1.4236,113.06
2016-03-10,1.1162,1.4306,113.1
2016-03-11,1.118,1.4426,113.66
2016-03-14,1.1107,1.4324,113.59
2016-03-15,1.1112,1.4166,112.88
2016-03-16,1.1075,1.41,113.69
2016-03-17,1.1316,1.449,111.3
2016-03-18,1.1292,1.4514,111.38
2016-03-21,1.126,1.4402,111.62
2016-03-22,1.1228,1.4217,111.82
2016-03-23,1.1174,1.4111,112.63
2016-03-24,1.1163,1.4143,112.64
2016-03-25,1.1164,1.4131,113.05
2016-03-28,1.121,1.425,113.29
2016-03-29,1.1204,1.4281,113.33
2016-03-30,1.133,1.439,112.6
2016-03-31,1.139,1.4381,112.42
2016-04-01,1.1385,1.4204,112.06
2016-04-04,1.1386,1.4279,111.18
2016-04-05,1.1374,1.4149,110.26
2016-04-06,1.143,1.4162,109.63
2016-04-07,1.1386,1.4082,107.98
2016-04-08,1.1406,1.4105,108.36
2016-04-11,1.1412,1.424,107.96
2016-04-12,1.1395,1.4244,108.54
2016-04-13,1.1281,1.4223,109.21
2016-04-14,1.1262,1.4148,109.2
2016-04-15,1.1295,1.4217,108.76
2016-04-18,1.1322,1.4276,108.85
2016-04-19,1.1375,1.4396,109.16
2016-04-20,1.133,1.4375,109.51
2016-04-21,1.1301,1.4338,109.41
2016-04-22,1.1239,1.439,111.5
2016-04-25,1.1274,1.4492,111.08
2016-04-26,1.1318,1.4611,111.23
2016-04-27,1.1322,1.4554,111.26
2016-04-28,1.1325,1.4581,108.55
2016-04-29,1.1441,1.4625,106.9
2016-05-02,1.1516,1.4666,106.48
2016-05-03,1.1508,1.4543,106.34
2016-05-04,1.1486,1.4475,107.12
2016-05-05,1.1404,1.4486,107.32
2016-05-06,1.1421,1.4439,106.66
2016-05-09,1.1402,1.4409,108.39
2016-05-10,1.1386,1.4454,109.22
2016-05-11,1.1444,1.448,108.48
2016-05-12,1.138,1.4452,108.73
2016-05-13,1.1294,1.4369,109.14
2016-05-16,1.1328,1.4411,108.89
2016-05-17,1.1337,1.4485,109.02
2016-05-18,1.1276,1.4615,109.65
2016-05-19,1.1214,1.4608,109.81
2016-05-20,1.1207,1.4513,110.52
2016-05-23,1.1192,1.4444,109.47
2016-05-24,1.1145,1.4623,110.0
2016-05-25,1.1154,1.4694,110.22
2016-05-26,1.1184,1.4673,109.74
2016-05-27,1.114,1.4644,109.86
2016-05-31,1.1135,1.453,110.75
2016-06-01,1.1165,1.4395,109.55
2016-06-02,1.1157,1.4419,108.75
2016-06-03,1.133,1.4521,106.88
2016-06-06,1.1354,1.445,107.33
2016-06-07,1.135,1.4564,107.3
2016-06-08,1.14,1.4546,106.68
2016-06-09,1.1329,1.4467,106.54
2016-06-10,1.1281,1.4342,107.06
2016-06-13,1.1282,1.4223,106.07
2016-06-14,1.1206,1.413,106.02
2016-06-15,1.1239,1.4185,105.87
2016-06-16,1.1158,1.4075,104.05
2016-06-17,1.1256,1.4285,104.2
2016-06-20,1.1318,1.4688,104.32
2016-06-21,1.1262,1.4668,104.56
2016-06-22,1.1286,1.4682,104.56
2016-06-23,1.1373,1.48,105.9
2016-06-24,1.1126,1.3639,102.26
2016-06-27,1.1024,1.3217,101.66
2016-06-28,1.1054,1.3294,102.71
2016-06-29,1.1117,1.351,102.68
2016-06-30,1.1032,1.3242,102.77
2016-07-01,1.1145,1.3281,102.55
2016-07-05,1.108,1.3021,101.58
2016-07-06,1.1077,1.2921,101.12
2016-07-07,1.1065,1.2926,100.74
2016-07-08,1.1038,1.2938,100.65
2016-07-11,1.1045,1.2986,102.66
2016-07-12,1.1074,1.3237,104.72
2016-07-13,1.1112,1.318,104.1
2016-07-14,1.1109,1.3332,105.4
2016-07-15,1.1059,1.3194,105.64
2016-07-18,1.1076,1.3279,106.0
2016-07-19,1.1014,1.3123,106.13
2016-07-20,1.1007,1.3179,106.65
2016-07-21,1.1016,1.3216,105.98
2016-07-22,1.0968,1.3091,106.22
2016-07-25,1.098,1.313,106.02
2016-07-26,1.0984,1.3133,104.83
2016-07-27,1.0988,1.3094,105.65
2016-07-28,1.1094,1.3151,104.86
2016-07-29,1.1168,1.327,102.32
2016-08-01,1.1176,1.3209,102.26
2016-08-02,1.1225,1.3326,100.82
2016-08-03,1.117,1.3335,101.34
2016-08-04,1.1134,1.3143,101.08
2016-08-05,1.108,1.3069,101.74
2016-08-08,1.1078,1.3042,102.53
2016-08-09,1.111,1.301,101.96
2016-08-10,1.1171,1.2998,101.27
2016-08-11,1.1168,1.296,101.46
2016-08-12,1.1172,1.2934,101.01
2016-08-15,1.1199,1.2874,101.02
2016-08-16,1.1277,1.3019,100.28
2016-08-17,1.1263,1.3012,100.24
2016-08-18,1.1334,1.3147,100.07
2016-08-19,1.1326,1.3061,100.24
2016-08-22,1.1314,1.3133,100.25
2016-08-23,1.1308,1.3179,100.2
2016-08-24,1.1256,1.3236,100.5
2016-08-25,1.1274,1.3177,100.58
2016-08-26,1.1237,1.3168,101.2
2016-08-29,1.1182,1.3089,102.13
2016-08-30,1.115,1.3084,102.92
2016-08-31,1.1146,1.3129,103.38
2016-09-01,1.1194,1.3273,103.22
2016-09-02,1.1158,1.3299,104.18
2016-09-06,1.1237,1.3429,102.28
2016-09-07,1.1238,1.3339,101.72
2016-09-08,1.1256,1.3301,102.28
2016-09-09,1.1214,1.3257,102.86
2016-09-12,1.123,1.3313,101.96
2016-09-13,1.1242,1.3184,102.14
2016-09-14,1.1271,1.3204,102.33
2016-09-15,1.1246,1.3215,102.24
2016-09-16,1.116,1.309,102.36
2016-09-19,1.1179,1.3051,101.82
2016-09-20,1.1172,1.2974,101.66
2016-09-21,1.1165,1.2978,100.62
2016-09-22,1.1229,1.3092,100.8
2016-09-23,1.1223,1.2959,101.04
2016-09-26,1.127,1.2978,100.34
2016-09-27,1.1208,1.3005,100.36
2016-09-28,1.12,1.2996,100.57
2016-09-29,1.1244,1.2991,101.48
2016-09-30,1.1238,1.3015,101.21
2016-10-03,1.121,1.284,101.54
2016-10-04,1.1212,1.2746,102.66
2016-10-05,1.1196,1.2745,103.53
2016-10-06,1.1158,1.2647,104.02
2016-10-07,1.1156,1.2434,103.42
2016-10-11,1.1062,1.2218,103.36
2016-10-12,1.1014,1.2195,104.48
2016-10-13,1.1038,1.2201,103.62
2016-10-14,1.0985,1.2189,104.1
2016-10-17,1.1,1.2186,103.96
2016-10-18,1.0997,1.231,103.8
2016-10-19,1.0966,1.2279,103.3
2016-10-20,1.0934,1.2256,103.92
2016-10-21,1.0866,1.221,103.96
2016-10-24,1.0888,1.2204,104.2
2016-10-25,1.089,1.2164,104.25
2016-10-26,1.0916,1.2234,104.42
2016-10-27,1.0904,1.2173,105.14
2016-10-28,1.0934,1.2155,105.4
2016-10-31,1.0962,1.2212,105.07
2016-11-01,1.1042,1.2218,104.59
2016-11-02,1.1119,1.2315,103.22
2016-11-03,1.1094,1.2454,103.17
2016-11-04,1.1121,1.2546,103.02
2016-11-07,1.1038,1.2403,104.6
2016-11-08,1.1034,1.2372,104.98
2016-11-09,1.0952,1.2474,104.84
2016-11-10,1.0882,1.2523,106.56
2016-11-14,1.0723,1.2469,108.3
2016-11-15,1.0726,1.2422,108.94
2016-11-16,1.0699,1.245,109.16
2016-11-17,1.0656,1.245,109.64
2016-11-18,1.06,1.2327,110.51
2016-11-21,1.0597,1.2474,111.12
2016-11-22,1.0618,1.2424,110.98
2016-11-23,1.056,1.2458,112.58
2016-11-25,1.0595,1.2462,113.17
2016-11-28,1.0576,1.2411,112.36
2016-11-29,1.0626,1.2505,112.78
2016-11-30,1.0578,1.2481,114.34
2016-12-01,1.0634,1.2596,114.34
2016-12-02,1.0666,1.2685,113.76
2016-12-05,1.0723,1.2708,114.1
2016-12-06,1.0717,1.2706,113.98
2016-12-07,1.0758,1.2604,113.5
2016-12-08,1.0625,1.2574,114.16
2016-12-09,1.0541,1.259,115.17
2016-12-12,1.0606,1.2677,115.34
2016-12-13,1.0635,1.2685,115.26
2016-12-14,1.0656,1.2706,115.06
2016-12-15,1.0375,1.2389,118.32
2016-12-16,1.0456,1.2478,117.74
2016-12-19,1.0444,1.2419,116.6
2016-12-20,1.039,1.2358,117.86
2016-12-21,1.0425,1.2348,117.79
2016-12-22,1.0452,1.2301,117.48
2016-12-23,1.0449,1.2252,117.22
2016-12-27,1.0458,1.2261,117.52
2016-12-28,1.0389,1.2222,117.66
2016-12-29,1.0486,1.2237,116.32
2016-12-30,1.0552,1.2337,116.78
2017-01-03,1.0416,1.2256,117.68
2017-01-04,1.0476,1.2299,117.38
2017-01-05,1.0598,1.2415,115.46
2017-01-06,1.056,1.2314,116.85
2017-01-09,1.0576,1.2167,116.07
2017-01-10,1.0572,1.2165,115.74
2017-01-11,1.0501,1.2118,116.26
2017-01-12,1.0666,1.2211,113.87
2017-01-13,1.0625,1.2198,115.03
2017-01-17,1.0695,1.2388,112.96
2017-01-18,1.0682,1.2309,113.4
2017-01-19,1.063,1.2319,115.3
2017-01-23,1.074,1.2485,112.9
2017-01-24,1.0749,1.2531,113.63
2017-01-25,1.0743,1.262,113.6
2017-01-26,1.067,1.2579,114.7
2017-01-27,1.069,1.2531,115.16
2017-01-30,1.0681,1.2478,113.86
2017-01-31,1.0794,1.2585,112.72
2017-02-01,1.0758,1.2643,113.29
2017-02-02,1.0802,1.2541,112.48
2017-02-03,1.0792,1.2504,112.42
2017-02-06,1.0731,1.245,112.32
2017-02-07,1.069,1.2486,112.14
2017-02-08,1.0708,1.2543,111.74
2017-02-09,1.0658,1.2516,113.24
2017-02-10,1.065,1.2502,113.22
2017-02-13,1.0603,1.251,113.79
2017-02-14,1.0577,1.2465,114.34
2017-02-15,1.0597,1.2465,114.17
2017-02-16,1.066,1.2477,113.36
2017-02-17,1.0614,1.2428,112.86
2017-02-21,1.0551,1.2465,113.48
2017-02-22,1.0555,1.2456,113.46
2017-02-23,1.0586,1.2548,112.68
2017-02-24,1.058,1.2499,112.26
2017-02-27,1.0624,1.2473,112.01
2017-02-28,1.0618,1.2427,112.06
2017-03-01,1.0564,1.2318,113.66
2017-03-02,1.0514,1.2267,114.45
2017-03-03,1.0552,1.2249,114.6
2017-03-06,1.0586,1.2243,113.92
2017-03-07,1.0582,1.2209,113.99
2017-03-08,1.0547,1.2152,114.58
2017-03-09,1.0586,1.2166,114.71
2017-03-10,1.0667,1.2158,115.02
2017-03-13,1.067,1.2234,114.61
2017-03-14,1.0645,1.2168,114.63
2017-03-15,1.063,1.2222,114.66
2017-03-16,1.0738,1.237,113.02
2017-03-17,1.0742,1.2372,112.67
2017-03-20,1.0754,1.2365,112.59
2017-03-21,1.081,1.2479,111.9
2017-03-22,1.08,1.2476,111.06
2017-03-23,1.0787,1.2526,111.12
2017-03-24,1.0806,1.2491,111.03
2017-03-27,1.0882,1.2583,110.48
2017-03-28,1.0852,1.2503,110.56
2017-03-29,1.0756,1.2411,111.05
2017-03-30,1.0726,1.2489,111.36
2017-03-31,1.0698,1.2537,111.41
2017-04-03,1.0655,1.2479,110.96
2017-04-04,1.0664,1.2437,110.74
2017-04-05,1.0661,1.2488,111.2
2017-04-06,1.0651,1.2486,111.02
2017-04-07,1.0616,1.2398,110.76
2017-04-10,1.0606,1.2418,110.95
2017-04-11,1.0614,1.2484,109.74
2017-04-12,1.0611,1.25,109.54
2017-04-13,1.063,1.2522,109.23
2017-04-14,1.0625,1.2531,108.63
2017-04-17,1.066,1.2587,108.46
2017-04-18,1.0706,1.2769,108.4
2017-04-19,1.0707,1.2789,109.06
2017-04-20,1.0758,1.283,109.34
2017-04-21,1.0694,1.2783,109.08
2017-04-24,1.0846,1.2783,109.74
2017-04-25,1.0941,1.2836,110.88
2017-04-26,1.0872,1.2838,111.52
2017-04-27,1.0864,1.2889,111.13
2017-04-28,1.0895,1.2938,111.44
2017-05-01,1.0912,1.2917,111.78
2017-05-02,1.091,1.2921,112.06
2017-05-03,1.092,1.2916,112.34
2017-05-04,1.0967,1.291,112.7
2017-05-05,1.0996,1.295,112.63
2017-05-08,1.0928,1.2942,112.84
2017-05-09,1.0875,1.2939,114.19
2017-05-10,1.0873,1.2939,114.02
2017-05-11,1.0869,1.2885,113.77
2017-05-12,1.0926,1.288,113.3
2017-05-15,1.0979,1.2917,113.54
2017-05-16,1.1072,1.2912,113.24
2017-05-17,1.1134,1.2944,111.46
2017-05-18,1.113,1.3009,110.82
2017-05-19,1.119,1.3018,111.47
2017-05-22,1.1236,1.3006,111.15
2017-05-23,1.1198,1.2984,111.64
2017-05-24,1.1175,1.2935,112.02
2017-05-25,1.1218,1.2954,111.7
2017-05-26,1.117,1.2795,111.3
2017-05-30,1.1183,1.2858,110.68
2017-05-31,1.1236,1.2905,110.71
2017-06-01,1.1214,1.2894,111.24
2017-06-02,1.127,1.2885,110.49
2017-06-05,1.125,1.2917,110.49
2017-06-06,1.1266,1.2901,109.34
2017-06-07,1.1236,1.2941,109.54
2017-06-08,1.1217,1.2939,110.1
2017-06-09,1.119,1.2737,110.61
2017-06-12,1.1204,1.2658,109.72
2017-06-13,1.1194,1.2739,110.12
2017-06-14,1.1277,1.2808,109.16
2017-06-15,1.1152,1.2768,110.66
2017-06-16,1.1194,1.2778,110.84
2017-06-19,1.116,1.2743,111.34
2017-06-20,1.1124,1.2628,111.46
2017-06-21,1.1143,1.2667,111.58
2017-06-22,1.1148,1.2659,111.36
2017-06-23,1.1196,1.2727,111.26
2017-06-26,1.1196,1.2732,111.48
2017-06-27,1.13,1.2791,112.42
2017-06-28,1.1364,1.2936,112.18
2017-06-29,1.142,1.2984,112.32
2017-06-30,1.1411,1.2995,112.4
2017-07-03,1.1367,1.2951,113.32
2017-07-05,1.1336,1.2934,113.2
2017-07-06,1.1409,1.2967,113.28
2017-07-07,1.1396,1.288,114.1
2017-07-10,1.1396,1.2884,114.08
2017-07-11,1.143,1.2851,114.2
2017-07-12,1.1411,1.2889,113.19
2017-07-13,1.1385,1.2921,113.39
2017-07-14,1.1452,1.3079,112.66
2017-07-17,1.147,1.3058,112.76
2017-07-18,1.1578,1.3026,111.89
2017-07-19,1.1518,1.3036,111.77
2017-07-20,1.1634,1.2976,111.68
2017-07-21,1.1655,1.2968,111.18
2017-07-24,1.1642,1.3028,111.1
2017-07-25,1.1656,1.3046,111.57
2017-07-26,1.1632,1.3048,112.1
2017-07-27,1.1656,1.3065,111.62
2017-07-28,1.1754,1.3124,110.87
2017-07-31,1.1826,1.3196,110.38
2017-08-01,1.1799,1.3206,110.33
2017-08-02,1.1861,1.3236,110.43
2017-08-03,1.188,1.3144,110.12
2017-08-04,1.1754,1.3036,110.76
2017-08-07,1.1788,1.3021,110.76
2017-08-08,1.1724,1.2968,110.74
2017-08-09,1.1748,1.2997,110.04
2017-08-10,1.1751,1.2978,109.37
2017-08-11,1.1811,1.2988,109.06
2017-08-14,1.1786,1.2975,109.48
2017-08-15,1.1736,1.2862,110.42
2017-08-16,1.1703,1.286,110.8
2017-08-17,1.1736,1.2888,109.88
2017-08-18,1.1748,1.2847,109.32
2017-08-21,1.1814,1.2903,108.89
2017-08-22,1.1762,1.2834,109.4
2017-08-23,1.1802,1.2787,109.14
2017-08-24,1.1801,1.2802,109.34
2017-08-25,1.1874,1.2873,109.24
2017-08-28,1.1973,1.2927,109.22
2017-08-29,1.2025,1.2937,109.02
2017-08-30,1.1927,1.2934,110.2
2017-08-31,1.1894,1.2888,110.06
2017-09-01,1.1878,1.2972,110.09
2017-09-05,1.1911,1.3013,108.94
2017-09-06,1.1943,1.3073,108.75
2017-09-07,1.2028,1.3094,108.26
2017-09-08,1.2041,1.3211,107.72
2017-09-11,1.1964,1.3173,109.03
2017-09-12,1.1968,1.328,110.01
2017-09-13,1.1898,1.3218,110.58
2017-09-14,1.1886,1.3398,110.66
2017-09-15,1.1959,1.3578,110.84
2017-09-18,1.1938,1.3485,111.48
2017-09-19,1.198,1.3517,111.49
2017-09-20,1.1998,1.3564,111.5
2017-09-21,1.1946,1.3576,112.3
2017-09-22,1.1969,1.3531,112.01
2017-09-25,1.1852,1.3457,111.64
2017-09-26,1.1772,1.3422,112.16
2017-09-27,1.1747,1.3401,112.76
2017-09-28,1.1776,1.3435,112.66
2017-09-29,1.1813,1.3402,112.64
2017-10-02,1.1745,1.3268,112.6
2017-10-03,1.1759,1.3251,112.8
2017-10-04,1.176,1.3268,112.84
2017-10-05,1.1706,1.3132,112.74
2017-10-06,1.1732,1.3063,112.68
2017-10-10,1.1804,1.3215,112.15
2017-10-11,1.1847,1.321,112.35
2017-10-12,1.184,1.3174,112.38
2017-10-13,1.1837,1.3304,111.94
2017-10-16,1.181,1.3285,111.72
2017-10-17,1.1754,1.3182,112.32
2017-10-18,1.1775,1.3183,112.94
2017-10-19,1.1842,1.3181,112.54
2017-10-20,1.177,1.3179,113.5
2017-10-23,1.1762,1.3201,113.66
2017-10-24,1.1766,1.3124,113.92
2017-10-25,1.1802,1.3252,113.7
2017-10-26,1.17,1.3181,113.72
2017-10-27,1.158,1.3108,113.82
2017-10-30,1.1626,1.3195,113.26
2017-10-31,1.1648,1.3281,113.63
2017-11-01,1.1618,1.3257,114.04
2017-11-02,1.1672,1.3068,113.84
2017-11-03,1.1616,1.3067,114.25
2017-11-06,1.16,1.3145,113.9
2017-11-07,1.1577,1.3152,113.9
2017-11-08,1.1591,1.3108,113.62
2017-11-09,1.1648,1.3133,113.4
2017-11-13,1.1656,1.3101,113.62
2017-11-14,1.1764,1.3128,113.5
2017-11-15,1.1794,1.3165,113.15
2017-11-16,1.1772,1.3197,112.89
2017-11-17,1.1799,1.3222,111.98
2017-11-20,1.1741,1.3241,112.49
2017-11-21,1.1741,1.3232,112.46
2017-11-22,1.1789,1.3291,111.62
2017-11-24,1.1936,1.3336,111.54
2017-11-27,1.1911,1.3333,111.0
2017-11-28,1.1878,1.3231,111.13
2017-11-29,1.1858,1.3436,111.75
2017-11-30,1.1898,1.3506,112.3
2017-12-01,1.191,1.3505,111.88
2017-12-04,1.1848,1.3465,112.8
2017-12-05,1.182,1.345,112.76
2017-12-06,1.1788,1.3382,112.32
2017-12-07,1.179,1.3432,112.7
2017-12-08,1.1761,1.3367,113.55
2017-12-11,1.1802,1.3363,113.34
2017-12-12,1.1725,1.3323,113.62
2017-12-13,1.1762,1.3365,113.19
2017-12-14,1.1778,1.344,112.56
2017-12-15,1.1778,1.3316,112.68
2017-12-18,1.1804,1.3398,112.4
2017-12-19,1.1822,1.3356,112.98
2017-12-20,1.1881,1.3408,113.29
2017-12-21,1.1872,1.3372,113.42
2017-12-22,1.1839,1.3379,113.3
2017-12-26,1.1867,1.3369,113.2
2017-12-27,1.1902,1.3403,113.28
2017-12-28,1.1952,1.345,112.85
2017-12-29,1.2022,1.3529,112.69
2018-01-02,1.205,1.3596,112.18
2018-01-03,1.203,1.3522,112.28
2018-01-04,1.2064,1.3539,112.78
2018-01-05,1.2039,1.3562,113.18
2018-01-08,1.1973,1.3566,113.08
2018-01-09,1.1922,1.3518,112.57
2018-01-10,1.1958,1.3513,111.48
2018-01-11,1.2035,1.3543,111.35
2018-01-12,1.213,1.3689,111.23
2018-01-16,1.2244,1.3774,110.74
2018-01-17,1.2229,1.3824,110.81
2018-01-18,1.2238,1.3889,110.88
2018-01-19,1.2238,1.3857,110.56
2018-01-22,1.223,1.3944,111.15
2018-01-23,1.2277,1.3968,110.46
2018-01-24,1.239,1.4198,109.15
2018-01-25,1.2488,1.4264,108.7
2018-01-26,1.2422,1.4179,108.38
2018-01-29,1.2352,1.4042,109.12
2018-01-30,1.239,1.4124,108.9
2018-01-31,1.2428,1.419,109.31
2018-02-01,1.2482,1.4247,109.5
2018-02-02,1.2446,1.4126,110.4
2018-02-05,1.2418,1.4022,110.09
2018-02-06,1.2381,1.3951,109.18
2018-02-07,1.2281,1.3881,109.53
2018-02-08,1.2238,1.3915,109.0
2018-02-09,1.2226,1.3794,108.44
2018-02-12,1.2267,1.382,108.72
2018-02-13,1.2363,1.3892,107.59
2018-02-14,1.2396,1.3955,107.0
2018-02-15,1.2482,1.4061,106.36
2018-02-16,1.2442,1.4055,106.1
2018-02-20,1.2348,1.4021,107.23
2018-02-21,1.2314,1.3946,107.64
2018-02-22,1.2326,1.3939,106.96
2018-02-23,1.2298,1.3979,106.64
2018-02-26,1.2296,1.3952,106.96
2018-02-27,1.2239,1.3906,107.47
2018-02-28,1.2211,1.3794,106.62
2018-03-01,1.2216,1.3755,106.91
2018-03-02,1.2314,1.3769,105.65
2018-03-05,1.233,1.3856,105.97
2018-03-06,1.2415,1.3886,106.03
2018-03-07,1.2397,1.3888,105.94
2018-03-08,1.2314,1.3824,106.08
2018-03-09,1.2326,1.3863,106.74
2018-03-12,1.2318,1.3898,106.52
2018-03-13,1.2398,1.3987,106.64
2018-03-14,1.2362,1.3946,106.17
2018-03-15,1.2321,1.3951,106.07
2018-03-16,1.228,1.3919,106.1
2018-03-19,1.2329,1.4032,105.83
2018-03-20,1.2271,1.4013,106.42
2018-03-21,1.2268,1.4064,106.3
2018-03-22,1.231,1.4098,105.34
2018-03-23,1.236,1.4151,104.83
2018-03-26,1.244,1.4236,105.0
2018-03-27,1.241,1.4161,105.72
2018-03-28,1.2351,1.411,106.3
2018-03-29,1.2297,1.4029,106.27
2018-03-30,1.232,1.4027,106.2
2018-04-02,1.2288,1.4032,105.99
2018-04-03,1.2261,1.4068,106.45
2018-04-04,1.2292,1.4076,106.56
2018-04-05,1.223,1.3991,107.48
2018-04-06,1.2274,1.4088,107.03
2018-04-09,1.232,1.4136,107.06
2018-04-10,1.2338,1.4161,107.3
2018-04-11,1.2384,1.4194,106.78
2018-04-12,1.232,1.4244,107.3
2018-04-13,1.2322,1.4255,107.52
2018-04-16,1.2373,1.4332,107.26
2018-04-17,1.2345,1.4301,107.09
2018-04-18,1.238,1.4227,107.26
2018-04-19,1.2336,1.4193,107.42
2018-04-20,1.2282,1.4033,107.6
2018-04-23,1.2216,1.3953,108.62
2018-04-24,1.2226,1.3975,109.03
2018-04-25,1.2178,1.3941,109.33
2018-04-26,1.2113,1.3927,109.3
2018-04-27,1.2108,1.3785,109.12
2018-04-30,1.2074,1.3751,109.28
2018-05-01,1.2,1.3611,109.69
2018-05-02,1.1968,1.361,109.89
2018-05-03,1.197,1.3569,109.06
2018-05-04,1.1946,1.3535,109.16
2018-05-07,1.1927,1.3567,109.14
2018-05-08,1.1863,1.3521,109.16
2018-05-09,1.1852,1.3567,109.68
2018-05-10,1.1896,1.3487,109.53
2018-05-11,1.1951,1.3549,109.26
2018-05-14,1.1976,1.3595,109.52
2018-05-15,1.1864,1.3512,110.25
2018-05-16,1.1788,1.3478,110.22
2018-05-17,1.1798,1.3507,110.76
2018-05-18,1.1775,1.3476,110.71
2018-05-21,1.1768,1.3418,111.08
2018-05-22,1.1783,1.3445,110.94
2018-05-23,1.1693,1.3341,110.05
2018-05-24,1.1729,1.3384,109.3
2018-05-25,1.1666,1.3321,109.35
2018-05-29,1.1551,1.3258,108.62
2018-05-30,1.1664,1.3296,109.04
2018-05-31,1.167,1.3289,108.73
2018-06-01,1.1679,1.3358,109.49
2018-06-04,1.1696,1.3314,109.66
2018-06-05,1.1672,1.336,109.63
2018-06-06,1.1778,1.3429,110.0
2018-06-07,1.1815,1.3427,109.92
2018-06-08,1.1773,1.3406,109.45
2018-06-11,1.1802,1.3386,109.94
2018-06-12,1.1792,1.3416,110.22
2018-06-13,1.1784,1.3378,110.41
2018-06-14,1.1634,1.3333,110.44
2018-06-15,1.1616,1.3283,110.58
2018-06-18,1.1606,1.3247,110.44
2018-06-19,1.1577,1.3172,110.02
2018-06-20,1.1592,1.3213,110.14
2018-06-21,1.16,1.3251,110.05
2018-06-22,1.163,1.3258,109.98
2018-06-25,1.1694,1.3273,109.62
2018-06-26,1.1675,1.3243,109.92
2018-06-27,1.1588,1.3139,110.34
2018-06-28,1.1582,1.3095,110.38
2018-06-29,1.1677,1.3197,110.71
2018-07-02,1.1604,1.3133,110.73
2018-07-03,1.1653,1.3174,110.54
2018-07-05,1.1697,1.3228,110.59
2018-07-06,1.1738,1.3262,110.48
2018-07-09,1.1744,1.3202,110.78
2018-07-10,1.1728,1.3266,111.24
2018-07-11,1.1722,1.3241,111.52
2018-07-12,1.1692,1.3238,112.41
2018-07-13,1.1667,1.3216,112.38
2018-07-16,1.171,1.3236,112.29
2018-07-17,1.1664,1.3161,112.79
2018-07-18,1.1645,1.305,112.82
2018-07-19,1.1604,1.2987,112.98
2018-07-20,1.1708,1.3114,111.74
2018-07-23,1.1702,1.3105,111.36
2018-07-24,1.1684,1.3135,111.27
2018-07-25,1.1677,1.315,111.02
2018-07-26,1.1654,1.3119,111.2
2018-07-27,1.166,1.3118,110.94
2018-07-30,1.1718,1.314,110.98
2018-07-31,1.1706,1.3125,111.88
2018-08-01,1.1666,1.312,111.72
2018-08-02,1.1612,1.3035,111.48
2018-08-03,1.1597,1.3021,111.12
2018-08-06,1.1564,1.2947,111.43
2018-08-07,1.1597,1.2957,111.19
2018-08-08,1.1598,1.288,110.96
2018-08-09,1.1566,1.287,110.9
2018-08-10,1.1399,1.2769,110.66
2018-08-13,1.1396,1.2757,110.65
2018-08-14,1.1351,1.2738,110.92
2018-08-15,1.1332,1.2685,110.62
2018-08-16,1.1388,1.2722,110.89
2018-08-17,1.141,1.2735,110.54
2018-08-20,1.1438,1.2765,110.38
2018-08-21,1.1534,1.286,110.48
2018-08-22,1.1595,1.291,110.54
2018-08-23,1.1567,1.283,111.14
2018-08-24,1.1625,1.2858,111.22
2018-08-27,1.1676,1.2891,111.09
2018-08-28,1.172,1.2886,111.04
2018-08-29,1.1699,1.3006,111.8
2018-08-30,1.1646,1.2997,111.17
2018-08-31,1.1596,1.2964,110.98
2018-09-04,1.1566,1.2833,111.44
2018-09-05,1.162,1.2903,111.47
2018-09-06,1.1624,1.2933,110.87
2018-09-07,1.1572,1.2934,111.18
2018-09-10,1.1604,1.3026,111.09
2018-09-11,1.1591,1.3015,111.54
2018-09-12,1.1626,1.3029,111.29
2018-09-13,1.1672,1.3104,111.92
2018-09-14,1.1656,1.3084,112.09
2018-09-17,1.1687,1.3146,111.97
2018-09-18,1.1693,1.3158,112.3
2018-09-19,1.1685,1.3162,112.21
2018-09-20,1.1744,1.3237,112.58
2018-09-21,1.1739,1.3067,112.62
2018-09-24,1.1773,1.3128,112.62
2018-09-25,1.177,1.3162,112.88
2018-09-26,1.1758,1.3182,112.92
2018-09-27,1.167,1.3104,113.38
2018-09-28,1.1622,1.3053,113.48
2018-10-01,1.1567,1.3032,113.96
2018-10-02,1.156,1.2984,113.66
2018-10-03,1.1525,1.2993,114.19
2018-10-04,1.1508,1.3014,113.79
2018-10-05,1.1502,1.3101,113.56
2018-10-09,1.1482,1.3139,113.13
2018-10-10,1.1541,1.3206,112.71
2018-10-11,1.1565,1.3193,112.26
2018-10-12,1.1559,1.3154,112.02
2018-10-15,1.1594,1.3168,111.82
2018-10-16,1.1593,1.321,112.16
2018-10-17,1.154,1.3137,112.21
2018-10-18,1.1494,1.3061,112.11
2018-10-19,1.1513,1.3045,112.52
2018-10-22,1.1467,1.2974,112.78
2018-10-23,1.148,1.2982,112.12
2018-10-24,1.1389,1.2898,112.58
2018-10-25,1.1374,1.2827,112.54
2018-10-26,1.1388,1.2826,111.65
2018-10-29,1.139,1.2807,112.49
2018-10-30,1.1364,1.2731,112.76
2018-10-31,1.1332,1.2779,112.86
2018-11-01,1.1396,1.2974,112.79
2018-11-02,1.1378,1.2965,113.09
2018-11-05,1.1394,1.302,113.22
2018-11-06,1.1412,1.3076,113.38
2018-11-07,1.1459,1.3144,113.32
2018-11-08,1.1416,1.3116,113.87
2018-11-09,1.1325,1.2978,113.77
2018-11-13,1.1288,1.3031,113.97
2018-11-14,1.1312,1.3011,113.7
2018-11-15,1.1324,1.2749,113.46
2018-11-16,1.1402,1.2839,112.76
2018-11-19,1.1448,1.2842,112.54
2018-11-20,1.1391,1.2809,112.66
2018-11-21,1.1393,1.2776,113.06
2018-11-23,1.1332,1.2804,112.83
2018-11-26,1.1336,1.2809,113.58
2018-11-27,1.1281,1.2729,113.84
2018-11-28,1.1286,1.2766,113.96
2018-11-29,1.1382,1.2789,113.42
2018-11-30,1.1323,1.2772,113.54
2018-12-03,1.1356,1.2742,113.54
2018-12-04,1.1345,1.2719,112.93
2018-12-06,1.1374,1.2777,112.46
2018-12-07,1.139,1.2749,112.6
2018-12-10,1.1368,1.2558,112.96
2018-12-11,1.1314,1.2524,113.41
2018-12-12,1.1362,1.2658,113.28
2018-12-13,1.1358,1.2635,113.66
2018-12-14,1.13,1.257,113.35
2018-12-17,1.1339,1.2606,112.96
2018-12-18,1.1364,1.2644,112.54
2018-12-19,1.1422,1.2669,112.15
2018-12-20,1.1432,1.265,111.34
2018-12-21,1.1402,1.2681,111.14
2018-12-26,1.1408,1.2676,110.45
2018-12-27,1.1412,1.2627,110.78
2018-12-28,1.1445,1.2699,110.34
2018-12-31,1.1456,1.2763,109.7
2019-01-02,1.1357,1.2598,109.22
2019-01-03,1.1399,1.2633,108.07
2019-01-04,1.141,1.274,108.29
2019-01-07,1.1468,1.2757,108.62
2019-01-08,1.1444,1.2724,108.57
2019-01-09,1.1524,1.2764,108.38
2019-01-10,1.1517,1.2768,108.29
2019-01-11,1.1479,1.2836,108.34
2019-01-15,1.1392,1.2761,108.72
2019-01-16,1.1408,1.2862,108.84
2019-01-17,1.1386,1.294,109.01
2019-01-18,1.1362,1.2898,109.79
2019-01-22,1.1359,1.2955,109.34
2019-01-23,1.139,1.3074,109.44
2019-01-24,1.1322,1.3027,109.72
2019-01-25,1.1407,1.3176,109.6
2019-01-28,1.1438,1.3158,109.2
2019-01-29,1.1424,1.3146,109.36
2019-01-30,1.1418,1.3062,109.57
2019-01-31,1.1454,1.3135,108.84
2019-02-01,1.1474,1.3094,109.55
2019-02-04,1.1438,1.3068,109.96
2019-02-05,1.1406,1.2947,109.99
2019-02-06,1.138,1.2956,109.75
2019-02-07,1.1357,1.2966,109.7
2019-02-08,1.1326,1.2933,109.76
2019-02-11,1.1277,1.2862,110.4
2019-02-12,1.1316,1.2887,110.5
2019-02-13,1.1288,1.2865,110.86
2019-02-14,1.1284,1.2793,110.68
2019-02-15,1.1268,1.2857,110.54
2019-02-19,1.1328,1.3036,110.68
2019-02-21,1.1338,1.306,110.72
2019-02-22,1.1342,1.3067,110.7
2019-02-25,1.1345,1.3059,111.07
2019-02-26,1.1374,1.3252,110.76
2019-02-27,1.137,1.3318,110.92
2019-02-28,1.1379,1.3274,111.38
2019-03-01,1.1376,1.3222,111.89
2019-03-04,1.1328,1.3186,111.68
2019-03-05,1.13,1.3141,111.98
2019-03-06,1.132,1.3148,111.66
2019-03-07,1.1214,1.3107,111.6
2019-03-08,1.1243,1.301,111.11
2019-03-11,1.1226,1.3095,111.21
2019-03-12,1.1276,1.3101,111.38
2019-03-13,1.131,1.323,111.23
2019-03-14,1.1304,1.3281,111.71
2019-03-15,1.1326,1.3278,111.57
2019-03-18,1.1337,1.3223,111.41
2019-03-19,1.1346,1.3263,111.38
2019-03-20,1.1352,1.3191,111.41
2019-03-21,1.1361,1.3073,110.86
2019-03-22,1.1282,1.3219,109.76
2019-03-25,1.1324,1.3203,110.09
2019-03-26,1.128,1.3215,110.5
2019-03-27,1.125,1.3192,110.38
2019-03-28,1.1236,1.3088,110.54
2019-03-29,1.1228,1.3032,110.68
2019-04-01,1.121,1.3144,111.29
2019-04-02,1.1186,1.3035,111.32
2019-04-03,1.1242,1.3181,111.48
2019-04-04,1.1216,1.3072,111.55
2019-04-05,1.1217,1.301,111.71
2019-04-08,1.1262,1.3048,111.47
2019-04-09,1.1278,1.3048,111.08
2019-04-10,1.1266,1.31,110.92
2019-04-11,1.1262,1.3068,111.48
2019-04-12,1.1304,1.3086,112.0
2019-04-15,1.1304,1.3105,112.0
2019-04-16,1.1293,1.3049,111.95
2019-04-17,1.1297,1.3036,112.0
2019-04-18,1.1241,1.3003,111.94
2019-04-19,1.1246,1.3003,111.92
2019-04-22,1.1258,1.2983,111.94
2019-04-23,1.1213,1.2943,111.86
2019-04-24,1.1192,1.2947,111.81
2019-04-25,1.114,1.2901,111.59
2019-04-26,1.1154,1.293,111.6
2019-04-29,1.1166,1.2924,111.8
2019-04-30,1.1201,1.303,111.4
2019-05-01,1.1246,1.3091,111.18
2019-05-02,1.1184,1.3032,111.39
2019-05-03,1.1186,1.3139,111.28
2019-05-06,1.1197,1.3093,110.86
2019-05-07,1.1178,1.3052,110.34
2019-05-08,1.1206,1.3014,110.12
2019-05-09,1.1228,1.3013,109.55
2019-05-10,1.1241,1.3036,109.56
2019-05-13,1.1232,1.2961,109.18
2019-05-14,1.1207,1.2921,109.68
2019-05-15,1.1208,1.2878,109.58
2019-05-16,1.1178,1.2803,109.89
2019-05-17,1.1166,1.2723,109.9
2019-05-20,1.117,1.2718,109.96
2019-05-21,1.1158,1.2747,110.6
2019-05-22,1.1156,1.2674,110.28
2019-05-23,1.1172,1.2666,109.58
2019-05-24,1.1197,1.27,109.38
2019-05-28,1.1177,1.2668,109.49
2019-05-29,1.1136,1.2631,109.24
2019-05-30,1.114,1.2619,109.67
2019-05-31,1.1149,1.262,108.66
2019-06-03,1.1206,1.2621,108.39
2019-06-04,1.1236,1.2675,108.3
2019-06-05,1.1242,1.2706,108.2
2019-06-06,1.1294,1.2713,108.08
2019-06-07,1.1324,1.274,108.15
2019-06-10,1.1311,1.2684,108.56
2019-06-11,1.1316,1.2724,108.52
2019-06-12,1.131,1.2693,108.42
2019-06-13,1.1275,1.2678,108.44
2019-06-14,1.1217,1.2601,108.44
2019-06-17,1.1235,1.2568,108.56
2019-06-18,1.1196,1.2547,108.39
2019-06-19,1.1214,1.2625,108.36
2019-06-20,1.1284,1.27,107.52
2019-06-21,1.1328,1.2703,107.55
2019-06-24,1.1393,1.2728,107.36
2019-06-25,1.1386,1.2721,106.92
2019-06-26,1.139,1.2697,107.64
2019-06-27,1.1372,1.2674,107.73
2019-06-28,1.1374,1.2704,107.84
2019-07-01,1.1307,1.2644,108.42
2019-07-02,1.1301,1.2599,107.98
2019-07-03,1.1275,1.2568,107.84
2019-07-05,1.1216,1.2506,108.55
2019-07-08,1.1208,1.2503,108.72
2019-07-09,1.121,1.2463,108.78
2019-07-10,1.126,1.2507,108.44
2019-07-11,1.1261,1.2549,108.29
2019-07-12,1.1254,1.2553,108.0
2019-07-15,1.126,1.2523,107.89
2019-07-16,1.1212,1.2408,108.35
2019-07-17,1.1232,1.2438,108.1
2019-07-18,1.1228,1.2494,107.74
2019-07-19,1.122,1.25,107.78
2019-07-22,1.1214,1.2475,107.91
2019-07-23,1.1156,1.2449,108.06
2019-07-24,1.1141,1.2498,108.08
2019-07-25,1.1156,1.2471,108.58
2019-07-26,1.1121,1.2387,108.69
2019-07-29,1.1142,1.2236,108.86
2019-07-30,1.1148,1.2148,108.66
2019-07-31,1.113,1.222,108.58
2019-08-01,1.1062,1.2145,108.28
2019-08-02,1.1112,1.2132,106.64
2019-08-05,1.1197,1.2165,106.02
2019-08-06,1.1196,1.2149,106.45
2019-08-07,1.1236,1.2158,105.62
2019-08-08,1.121,1.2138,106.04
2019-08-09,1.1222,1.2085,105.3
2019-08-12,1.1212,1.207,105.38
2019-08-13,1.1182,1.2067,106.6
2019-08-14,1.1144,1.2068,105.79
2019-08-15,1.1106,1.2112,106.12
2019-08-16,1.1091,1.2152,106.34
2019-08-19,1.1096,1.2138,106.5
2019-08-20,1.1092,1.2153,106.35
2019-08-21,1.1098,1.2142,106.52
2019-08-22,1.1089,1.225,106.44
2019-08-23,1.1148,1.2261,105.3
2019-08-26,1.1112,1.2232,106.0
2019-08-27,1.1094,1.2288,105.8
2019-08-28,1.1084,1.2248,105.86
2019-08-29,1.1059,1.2197,106.5
2019-08-30,1.0989,1.2166,106.3
2019-09-03,1.0968,1.2086,105.88
2019-09-04,1.1025,1.219,106.28
2019-09-05,1.1038,1.2337,106.96
2019-09-06,1.1042,1.2299,106.8
2019-09-09,1.1056,1.2368,107.14
2019-09-10,1.1042,1.2355,107.34
2019-09-11,1.1001,1.2329,107.73
2019-09-12,1.1074,1.2357,107.97
2019-09-13,1.1074,1.2462,108.12
2019-09-16,1.1006,1.2423,107.94
2019-09-17,1.1063,1.2493,108.12
2019-09-18,1.1061,1.2478,108.17
2019-09-19,1.1046,1.2481,108.0
2019-09-20,1.1004,1.2489,107.95
2019-09-23,1.0991,1.2428,107.47
2019-09-24,1.0999,1.2475,107.32
2019-09-25,1.0949,1.2363,107.78
2019-09-26,1.0938,1.2343,107.67
2019-09-27,1.0942,1.2312,108.05
2019-09-30,1.0905,1.2305,108.11
2019-10-01,1.0932,1.2242,107.7
2019-10-02,1.0951,1.2313,107.21
2019-10-03,1.0991,1.239,106.76
2019-10-04,1.0974,1.2309,106.91
2019-10-07,1.0984,1.2322,107.06
2019-10-08,1.0949,1.2206,107.06
2019-10-09,1.0978,1.2215,107.43
2019-10-10,1.1018,1.2382,107.91
2019-10-11,1.1039,1.2683,108.52
2019-10-15,1.1036,1.2737,108.83
2019-10-16,1.1075,1.2854,108.71
2019-10-17,1.1129,1.2853,108.51
2019-10-18,1.1155,1.2904,108.44
2019-10-21,1.1145,1.2983,108.57
2019-10-22,1.1138,1.2948,108.56
2019-10-23,1.1118,1.2886,108.64
2019-10-24,1.1098,1.281,108.62
2019-10-25,1.1081,1.2833,108.75
2019-10-28,1.1094,1.286,109.02
2019-10-29,1.1117,1.2905,108.83
2019-10-30,1.1123,1.2872,108.88
2019-10-31,1.1155,1.2939,108.09
2019-11-01,1.1169,1.295,108.16
2019-11-04,1.1144,1.2906,108.56
2019-11-05,1.107,1.287,109.13
2019-11-06,1.1076,1.2872,108.86
2019-11-07,1.1045,1.2829,109.42
2019-11-08,1.1019,1.279,109.14
2019-11-12,1.1017,1.2855,109.09
2019-11-13,1.1004,1.284,108.83
2019-11-14,1.1016,1.2879,108.33
2019-11-15,1.1046,1.2901,108.8
2019-11-18,1.1079,1.2965,108.61
2019-11-19,1.1075,1.2926,108.59
2019-11-20,1.1063,1.2918,108.67
2019-11-21,1.1067,1.2915,108.53
2019-11-22,1.1029,1.2829,108.67
2019-11-25,1.1009,1.2885,108.95
2019-11-26,1.1012,1.285,109.11
2019-11-27,1.1002,1.2881,109.38
2019-11-29,1.1019,1.2939,109.47
2019-12-02,1.1075,1.2936,109.09
2019-12-03,1.1089,1.3002,108.53
2019-12-04,1.1076,1.3095,108.87
2019-12-05,1.1104,1.3165,108.69
2019-12-06,1.1052,1.3127,108.66
2019-12-09,1.1067,1.3157,108.59
2019-12-10,1.109,1.3178,108.73
2019-12-11,1.1092,1.3176,108.67
2019-12-12,1.1115,1.3133,109.16
2019-12-13,1.1128,1.3349,109.28
2019-12-16,1.1139,1.333,109.64
2019-12-17,1.1148,1.3116,109.52
2019-12-18,1.1113,1.3078,109.58
2019-12-19,1.1128,1.3034,109.23
2019-12-20,1.1076,1.3036,109.45
2019-12-23,1.1091,1.2917,109.39
2019-12-24,1.1084,1.2955,109.38
2019-12-26,1.1102,1.3007,109.67
2019-12-27,1.1174,1.309,109.47
2019-12-30,1.1217,1.314,108.85
2019-12-31,1.1227,1.3269,108.67
2020-01-02,1.1166,1.3128,108.43
2020-01-03,1.1173,1.3091,107.94
2020-01-06,1.1187,1.3163,108.36
2020-01-07,1.1138,1.3127,108.53
2020-01-08,1.1117,1.311,109.03
2020-01-09,1.1106,1.3069,109.47
2020-01-10,1.1119,1.306,109.5
2020-01-13,1.1138,1.2983,109.93
2020-01-14,1.113,1.3018,110.05
2020-01-15,1.116,1.303,109.94
2020-01-16,1.1131,1.3076,110.16
2020-01-17,1.1093,1.3029,110.16
2020-01-21,1.1096,1.3047,109.95
2020-01-22,1.1085,1.3136,109.93
2020-01-23,1.1041,1.3104,109.39
2020-01-24,1.1026,1.3071,109.31
2020-01-27,1.1019,1.3054,108.95
2020-01-28,1.1008,1.2996,109.17
2020-01-29,1.1004,1.3012,109.15
2020-01-30,1.1032,1.3106,108.75
2020-01-31,1.1082,1.3195,108.5
2020-02-03,1.1062,1.3006,108.59
2020-02-04,1.1043,1.3029,109.41
2020-02-05,1.1006,1.3,109.74
2020-02-06,1.0979,1.2935,109.89
2020-02-07,1.095,1.2908,109.81
2020-02-10,1.0916,1.2919,109.77
2020-02-11,1.0917,1.2945,109.78
2020-02-12,1.0893,1.2978,110.0
2020-02-13,1.0848,1.3051,109.81
2020-02-14,1.0839,1.3039,109.77
2020-02-18,1.0815,1.3017,109.8
2020-02-19,1.0794,1.2934,111.17
2020-02-20,1.0797,1.2877,111.86
2020-02-21,1.0855,1.2966,111.74
2020-02-24,1.0857,1.2923,110.56
2020-02-25,1.0868,1.3004,110.23
2020-02-26,1.0887,1.2921,110.36
2020-02-27,1.0977,1.2876,110.15
2020-02-28,1.1001,1.2778,108.12
2020-03-02,1.1164,1.2791,108.02
2020-03-03,1.1175,1.2827,107.28
2020-03-04,1.113,1.2836,107.34
2020-03-05,1.1202,1.2939,106.56
2020-03-06,1.1319,1.301,105.31
2020-03-09,1.142,1.31,102.52
2020-03-10,1.1342,1.2933,103.71
2020-03-11,1.128,1.2887,104.81
2020-03-12,1.1081,1.2541,105.67
2020-03-13,1.1066,1.2406,107.15
2020-03-16,1.1139,1.2278,105.64
2020-03-17,1.0971,1.2017,107.41
2020-03-18,1.0833,1.176,108.45
2020-03-19,1.0699,1.1662,110.08
2020-03-20,1.0682,1.1743,111.3
2020-03-23,1.076,1.1492,111.36
2020-03-24,1.0794,1.1784,111.44
2020-03-25,1.0835,1.1763,111.43
2020-03-26,1.1025,1.214,109.45
2020-03-27,1.1059,1.236,108.16
2020-03-30,1.1018,1.2392,108.06
2020-03-31,1.1016,1.2454,107.53
2020-04-01,1.0934,1.2394,107.05
2020-04-02,1.0862,1.238,107.85
2020-04-03,1.0797,1.2228,108.53
2020-04-06,1.0808,1.2298,109.11
2020-04-07,1.0886,1.2343,108.97
2020-04-08,1.0864,1.2394,108.7
2020-04-09,1.0931,1.2458,108.38
2020-04-10,1.0951,1.2485,108.39
2020-04-13,1.0906,1.2518,107.59
2020-04-14,1.0971,1.2617,107.08
2020-04-15,1.0909,1.2523,107.42
2020-04-16,1.084,1.2433,107.72
2020-04-17,1.0883,1.2503,107.52
2020-04-20,1.0874,1.2467,107.69
2020-04-21,1.0854,1.2266,107.69
2020-04-22,1.0829,1.2332,107.81
2020-04-23,1.0815,1.2369,107.65
2020-04-24,1.0798,1.2335,107.44
2020-04-27,1.0829,1.2421,107.22
2020-04-28,1.0836,1.2438,106.83
2020-04-29,1.0853,1.2429,106.67
2020-04-30,1.0934,1.2602,106.94
2020-05-01,1.0998,1.2509,106.76
2020-05-04,1.0911,1.243,106.82
2020-05-05,1.0844,1.2449,106.52
2020-05-06,1.0806,1.2347,106.07
2020-05-07,1.0815,1.2349,106.36
2020-05-08,1.0854,1.2436,106.5
2020-05-11,1.0818,1.233,107.7
2020-05-12,1.0864,1.2299,107.33
2020-05-13,1.0837,1.2225,106.92
2020-05-14,1.08,1.2194,107.09
2020-05-15,1.0816,1.2129,107.27
2020-05-18,1.0904,1.2211,107.25
2020-05-19,1.0937,1.2255,107.89
2020-05-20,1.098,1.2257,107.46
2020-05-21,1.0953,1.2227,107.69
2020-05-22,1.0894,1.2178,107.5
2020-05-26,1.097,1.2337,107.64
2020-05-27,1.0969,1.2231,107.79
2020-05-28,1.1069,1.2325,107.67
2020-05-29,1.1107,1.232,107.77
2020-06-01,1.1123,1.2472,107.56
2020-06-02,1.1166,1.2531,108.6
2020-06-03,1.1246,1.26,108.88
2020-06-04,1.1322,1.2608,109.0
2020-06-05,1.1297,1.2703,109.68
2020-06-08,1.1293,1.2694,108.46
2020-06-09,1.1348,1.2736,107.66
2020-06-10,1.1355,1.2758,107.25
2020-06-11,1.1378,1.2635,106.67
2020-06-12,1.1253,1.2527,107.36
2020-06-15,1.127,1.2543,107.33
2020-06-16,1.1259,1.2586,107.35
2020-06-17,1.1219,1.2526,107.26
2020-06-18,1.1216,1.243,106.78
2020-06-19,1.1189,1.2362,106.89
2020-06-22,1.126,1.2447,106.84
2020-06-23,1.1322,1.2531,106.44
2020-06-24,1.1272,1.2432,106.83
2020-06-25,1.1221,1.2406,107.21
2020-06-26,1.1215,1.2337,107.19
2020-06-29,1.1237,1.2279,107.71
2020-06-30,1.1237,1.2369,107.77
2020-07-01,1.1259,1.2474,107.5
2020-07-02,1.1237,1.2469,107.55
2020-07-06,1.1307,1.2482,107.5
2020-07-07,1.1299,1.2572,107.53
2020-07-08,1.1329,1.2593,107.39
2020-07-09,1.1298,1.2614,107.27
2020-07-10,1.1318,1.2654,106.77
2020-07-13,1.1364,1.2614,107.22
2020-07-14,1.1406,1.2546,107.2
2020-07-15,1.1406,1.2586,106.92
2020-07-16,1.1433,1.2621,107.05
2020-07-17,1.1438,1.255,107.06
2020-07-20,1.1442,1.2658,107.21
2020-07-21,1.1495,1.2736,106.82
2020-07-22,1.1587,1.2729,107.18
2020-07-23,1.1623,1.2759,106.83
2020-07-24,1.1635,1.2791,105.79
2020-07-27,1.175,1.2887,105.29
2020-07-28,1.1733,1.295,105.03
2020-07-29,1.177,1.2974,105.06
2020-07-30,1.1791,1.3035,105.05
2020-07-31,1.1822,1.3133,105.78
2020-08-03,1.175,1.3053,106.11
2020-08-04,1.1766,1.3059,105.87
2020-08-05,1.1898,1.3141,105.44
2020-08-06,1.1856,1.3147,105.52
2020-08-07,1.1776,1.3043,105.92
2020-08-10,1.1756,1.3082,105.85
2020-08-11,1.1764,1.3077,106.56
2020-08-12,1.1796,1.3047,106.85
2020-08-13,1.1818,1.3082,106.89
2020-08-14,1.1833,1.3108,106.49
2020-08-17,1.1869,1.3105,105.97
2020-08-18,1.1928,1.3228,105.41
2020-08-19,1.1898,1.3191,105.71
2020-08-20,1.1862,1.319,105.81
2020-08-21,1.1775,1.3098,105.88
2020-08-24,1.1803,1.3078,105.9
2020-08-25,1.1818,1.3136,106.4
2020-08-26,1.1813,1.3186,106.13
2020-08-27,1.1824,1.3229,106.42
2020-08-28,1.1901,1.3341,105.3
2020-08-31,1.195,1.3375,105.84
2020-09-01,1.1949,1.3416,106.0
2020-09-02,1.184,1.3315,106.15
2020-09-03,1.1832,1.3263,106.14
2020-09-04,1.182,1.323,106.34
2020-09-08,1.1789,1.3039,105.97
2020-09-09,1.181,1.3011,106.23
2020-09-10,1.188,1.2846,106.19
2020-09-11,1.1831,1.2788,106.17
2020-09-14,1.1874,1.2876,105.68
2020-09-15,1.1846,1.2866,105.5
2020-09-16,1.1835,1.298,104.94
2020-09-17,1.1823,1.2955,104.77
2020-09-18,1.1857,1.295,104.44
2020-09-21,1.1737,1.2794,104.69
2020-09-22,1.1703,1.2726,105.05
2020-09-23,1.1677,1.275,105.34
2020-09-24,1.1666,1.2739,105.42
2020-09-25,1.1618,1.2706,105.59
2020-09-28,1.166,1.2865,105.5
2020-09-29,1.1717,1.2847,105.68
2020-09-30,1.1723,1.2921,105.58
2020-10-01,1.1752,1.2901,105.53
2020-10-02,1.1706,1.2928,105.36
2020-10-05,1.1784,1.2972,105.7
2020-10-06,1.1778,1.2945,105.64
2020-10-07,1.1766,1.2914,105.97
2020-10-08,1.1753,1.2944,105.98
2020-10-09,1.1819,1.3003,105.72
2020-10-13,1.1737,1.2968,105.55
2020-10-14,1.1755,1.3023,105.08
2020-10-15,1.1701,1.2917,105.38
2020-10-16,1.1717,1.2931,105.41
2020-10-19,1.1788,1.2998,105.42
2020-10-20,1.1824,1.2951,105.56
2020-10-21,1.187,1.3143,104.58
2020-10-22,1.1824,1.309,104.88
2020-10-23,1.1844,1.3039,104.78
2020-10-26,1.1816,1.3021,104.86
2020-10-27,1.1834,1.3067,104.44
2020-10-28,1.1751,1.2997,104.33
2020-10-29,1.1658,1.289,104.69
2020-10-30,1.1647,1.2933,104.54
2020-11-02,1.1634,1.2904,104.8
2020-11-03,1.1724,1.305,104.5
2020-11-04,1.173,1.3021,104.39
2020-11-05,1.1809,1.3116,103.67
2020-11-06,1.1886,1.3162,103.32
2020-11-09,1.1811,1.3137,105.58
2020-11-10,1.181,1.3234,105.36
2020-11-12,1.1814,1.3142,105.16
2020-11-13,1.1824,1.3176,104.61
2020-11-16,1.1844,1.3197,104.54
2020-11-17,1.1862,1.3247,104.2
2020-11-18,1.1869,1.3299,103.72
2020-11-19,1.1843,1.3225,103.85
2020-11-20,1.1857,1.3294,103.81
2020-11-23,1.1826,1.33,104.42
2020-11-24,1.1874,1.335,104.61
2020-11-25,1.1908,1.3378,104.39
2020-11-30,1.1948,1.3338,104.38
2020-12-01,1.2039,1.3392,104.4
2020-12-02,1.2093,1.3348,104.52
2020-12-03,1.2152,1.3496,103.77
2020-12-04,1.2142,1.3485,104.16
2020-12-07,1.2138,1.3353,104.01
2020-12-08,1.2111,1.3358,104.14
2020-12-09,1.208,1.3392,104.28
2020-12-10,1.2118,1.3293,104.3
2020-12-11,1.2112,1.3197,103.88
2020-12-14,1.2145,1.3324,104.06
2020-12-15,1.2158,1.3434,103.69
2020-12-16,1.2175,1.3503,103.59
2020-12-17,1.2258,1.3609,103.13
2020-12-18,1.2236,1.3497,103.35
2020-12-21,1.223,1.3354,103.44
2020-12-22,1.2172,1.3349,103.62
2020-12-23,1.2194,1.351,103.52
2020-12-28,1.2213,1.3447,103.84
2020-12-29,1.2252,1.3512,103.5
2020-12-30,1.228,1.3605,103.31
2020-12-31,1.223,1.3662,103.19
2021-01-04,1.2254,1.3551,103.19
2021-01-05,1.2295,1.362,102.7
2021-01-06,1.229,1.3593,103.25
2021-01-07,1.2265,1.3551,103.84
2021-01-08,1.2252,1.3583,103.89
2021-01-11,1.2169,1.3522,104.16
2021-01-12,1.2168,1.3637,104.09
2021-01-13,1.2159,1.3631,103.91
2021-01-14,1.2156,1.369,103.66
2021-01-15,1.2099,1.3599,103.8
2021-01-19,1.2126,1.3627,103.86
2021-01-21,1.2143,1.3721,103.57
2021-01-22,1.2179,1.3685,103.76
2021-01-25,1.2138,1.3668,103.78
2021-01-26,1.2147,1.3729,103.69
2021-01-27,1.2101,1.3688,104.09
2021-01-28,1.2122,1.3727,104.31
2021-01-29,1.2135,1.3723,104.64
2021-02-01,1.207,1.3672,104.97
2021-02-02,1.202,1.3644,105.09
2021-02-03,1.2025,1.3652,105.05
2021-02-04,1.1974,1.3665,105.43
2021-02-05,1.2035,1.3714,105.44
2021-02-08,1.2045,1.3738,105.19
2021-02-09,1.2106,1.3796,104.62
2021-02-10,1.2132,1.385,104.67
2021-02-11,1.2127,1.3822,104.75
2021-02-12,1.2126,1.3855,104.94
2021-02-16,1.2107,1.391,105.88
2021-02-17,1.2042,1.3848,105.83
2021-02-18,1.2078,1.3956,105.69
2021-02-19,1.2136,1.4025,105.58
2021-02-22,1.2155,1.4077,105.06
2021-02-23,1.2142,1.4092,105.21
2021-02-24,1.2143,1.4106,105.91
2021-02-25,1.2229,1.4105,106.22
2021-02-26,1.2093,1.3947,106.64
2021-03-01,1.2054,1.3938,106.68
2021-03-02,1.2079,1.3962,106.75
2021-03-03,1.2073,1.3978,106.92
2021-03-04,1.2045,1.3999,107.58
2021-03-05,1.1914,1.3817,108.24
2021-03-08,1.1849,1.381,108.92
2021-03-09,1.1885,1.3884,108.64
2021-03-10,1.19,1.3899,108.58
2021-03-11,1.1978,1.398,108.44
2021-03-12,1.1952,1.3925,108.87
2021-03-15,1.1917,1.3866,109.11
2021-03-16,1.1895,1.3892,109.01
2021-03-17,1.1905,1.3888,109.22
2021-03-18,1.1926,1.3938,108.97
2021-03-19,1.1909,1.3872,108.85
2021-03-22,1.1932,1.3856,108.67
2021-03-23,1.1872,1.3795,108.61
2021-03-24,1.1831,1.3723,108.81
2021-03-25,1.1777,1.3722,109.13
2021-03-26,1.1798,1.3794,109.55
2021-03-29,1.1779,1.3793,109.73
2021-03-30,1.1724,1.3729,110.19
2021-03-31,1.1743,1.3795,110.61
2021-04-01,1.1772,1.3825,110.61
2021-04-02,1.1763,1.3825,110.67
2021-04-05,1.181,1.3907,110.08
2021-04-06,1.1852,1.3849,109.83
2021-04-07,1.189,1.3757,109.67
2021-04-08,1.1904,1.3739,109.25
2021-04-09,1.1897,1.3734,109.64
2021-04-12,1.1907,1.3741,109.43
2021-04-13,1.1939,1.3742,109.19
2021-04-14,1.1974,1.379,108.93
2021-04-15,1.1964,1.3781,108.78
2021-04-16,1.198,1.3826,108.78
2021-04-19,1.2028,1.3977,108.09
2021-04-20,1.2045,1.3955,108.07
2021-04-21,1.2033,1.3936,108.09
2021-04-22,1.2012,1.3851,108.17
2021-04-23,1.2069,1.3845,107.94
2021-04-26,1.2083,1.389,108.12
2021-04-27,1.2079,1.3908,108.56
2021-04-28,1.2098,1.3917,108.81
2021-04-29,1.211,1.3956,108.94
2021-04-30,1.203,1.3838,109.33
2021-05-03,1.2059,1.3913,109.08
2021-05-04,1.2014,1.3873,109.34
2021-05-05,1.2003,1.3913,109.27
2021-05-06,1.2049,1.388,109.17
2021-05-07,1.2165,1.4,108.52
2021-05-10,1.217,1.4153,108.7
2021-05-11,1.2169,1.4149,108.53
2021-05-12,1.2074,1.4081,109.53
2021-05-13,1.207,1.4033,109.56
2021-05-14,1.2141,1.4096,109.37
2021-05-17,1.2155,1.4127,109.17
2021-05-18,1.2203,1.4184,109.01
2021-05-19,1.2216,1.4169,108.76
2021-05-20,1.2225,1.4182,108.79
2021-05-21,1.2178,1.4158,108.94
2021-05-24,1.221,1.4147,108.81
2021-05-25,1.2233,1.4123,108.95
2021-05-26,1.2204,1.4129,109.1
2021-05-27,1.2194,1.4172,109.81
2021-05-28,1.2194,1.4188,109.83
2021-06-01,1.2241,1.4168,109.43
2021-06-02,1.2213,1.4177,109.59
2021-06-03,1.2122,1.4099,110.28
2021-06-04,1.2173,1.4175,109.42
2021-06-07,1.22,1.4179,109.25
2021-06-08,1.218,1.4146,109.47
2021-06-09,1.2184,1.4124,109.61
2021-06-10,1.2173,1.4165,109.49
2021-06-11,1.2101,1.4114,109.75
2021-06-14,1.2126,1.4116,109.98
2021-06-15,1.212,1.4073,110.12
2021-06-16,1.2119,1.411,109.88
2021-06-17,1.1911,1.3916,110.28
2021-06-18,1.1872,1.3817,110.21
2021-06-21,1.1909,1.3915,110.22
2021-06-22,1.191,1.3921,110.75
2021-06-23,1.195,1.3977,110.86
2021-06-24,1.1927,1.3907,110.91
2021-06-25,1.194,1.3899,110.78
2021-06-28,1.1938,1.3895,110.5
2021-06-29,1.1905,1.3845,110.53
2021-06-30,1.1848,1.3806,111.05
2021-07-01,1.1857,1.378,111.56
2021-07-02,1.1848,1.3795,111.28
2021-07-06,1.1816,1.3792,110.66
2021-07-07,1.1803,1.3792,110.62
2021-07-08,1.184,1.3767,109.82
2021-07-09,1.1861,1.3842,110.18
2021-07-12,1.1858,1.3886,110.36
2021-07-13,1.1813,1.3847,110.36
2021-07-14,1.1826,1.3854,110.03
2021-07-15,1.1806,1.3849,110.05
2021-07-16,1.181,1.3785,110.13
2021-07-19,1.1804,1.369,109.45
2021-07-20,1.1776,1.3615,109.92
2021-07-21,1.1799,1.3695,110.22
2021-07-22,1.1771,1.375,110.1
2021-07-23,1.1761,1.3749,110.52
2021-07-26,1.181,1.3829,110.31
2021-07-27,1.1831,1.3884,109.64
2021-07-28,1.1809,1.3884,110.06
2021-07-29,1.1886,1.3966,109.53
2021-07-30,1.1864,1.3913,109.7
2021-08-02,1.1873,1.3886,109.22
2021-08-03,1.1859,1.3905,109.09
2021-08-04,1.1841,1.3912,109.44
2021-08-05,1.1838,1.3929,109.75
2021-08-06,1.1761,1.3873,110.22
2021-08-09,1.1749,1.3852,110.25
2021-08-10,1.1722,1.384,110.54
2021-08-11,1.1737,1.3866,110.47
2021-08-12,1.1736,1.3833,110.36
2021-08-13,1.1796,1.3857,109.75
2021-08-16,1.1776,1.3849,109.26
2021-08-17,1.1714,1.3739,109.59
2021-08-18,1.1702,1.3749,109.92
2021-08-19,1.1693,1.3673,109.75
2021-08-20,1.169,1.3625,109.77
2021-08-23,1.1732,1.3717,109.78
2021-08-24,1.1746,1.3716,109.68
2021-08-25,1.1758,1.3723,110.03
2021-08-26,1.1761,1.3712,110.09
2021-08-27,1.1794,1.3769,109.84
2021-08-30,1.1795,1.3758,109.91
2021-08-31,1.18,1.3747,110.05
2021-09-01,1.185,1.379,110.03
2021-09-02,1.1858,1.3825,110.01
2021-09-03,1.1884,1.3862,109.64
2021-09-07,1.1849,1.3792,110.17
2021-09-08,1.1818,1.3761,110.32
2021-09-09,1.1827,1.3855,109.76
2021-09-10,1.1821,1.3847,109.93
2021-09-13,1.1809,1.3844,109.94
2021-09-14,1.1824,1.3848,109.66
2021-09-15,1.1811,1.3837,109.4
2021-09-16,1.1764,1.3785,109.67
2021-09-17,1.1734,1.3755,109.94
2021-09-20,1.1729,1.3656,109.47
2021-09-21,1.1724,1.3663,109.33
2021-09-22,1.1739,1.3669,109.59
2021-09-23,1.1735,1.3745,110.17
2021-09-24,1.1715,1.3681,110.72
2021-09-27,1.1702,1.3712,110.97
2021-09-28,1.1681,1.3537,111.33
2021-09-29,1.1612,1.3439,111.83
2021-09-30,1.1577,1.347,111.5
2021-10-01,1.1598,1.3572,110.97
2021-10-04,1.1622,1.3602,110.94
2021-10-05,1.1609,1.364,111.39
2021-10-06,1.1546,1.3569,111.33
2021-10-07,1.1561,1.3634,111.5
2021-10-08,1.1572,1.363,112.15
2021-10-12,1.1541,1.3605,113.69
2021-10-13,1.1568,1.3645,113.49
2021-10-14,1.1591,1.3684,113.59
2021-10-15,1.1594,1.3756,114.31
2021-10-18,1.1609,1.3726,114.22
2021-10-19,1.1632,1.3807,114.27
2021-10-20,1.1643,1.3821,114.24
2021-10-21,1.1643,1.3812,113.75
2021-10-22,1.1632,1.3741,113.54
2021-10-25,1.1609,1.3773,113.7
2021-10-26,1.159,1.3772,114.19
2021-10-27,1.16,1.3739,113.75
2021-10-28,1.1685,1.3804,113.38
2021-10-29,1.1552,1.3686,114.03
2021-11-01,1.1591,1.3679,114.19
2021-11-02,1.1581,1.3612,113.78
2021-11-03,1.1584,1.3659,114.06
2021-11-04,1.1546,1.3494,113.63
2021-11-05,1.1554,1.3491,113.45
2021-11-08,1.159,1.3563,113.15
2021-11-09,1.1589,1.3551,112.87
2021-11-10,1.1517,1.347,113.89
2021-11-12,1.1443,1.3412,113.9
2021-11-15,1.1421,1.3444,113.96
2021-11-16,1.1333,1.3429,114.62
2021-11-17,1.1322,1.3488,114.33
2021-11-18,1.1358,1.3489,114.22
2021-11-19,1.1318,1.3474,113.81
2021-11-22,1.126,1.3412,114.69
2021-11-23,1.1265,1.3388,114.98
2021-11-24,1.1196,1.3332,115.34
2021-11-26,1.1302,1.3322,113.46
2021-11-29,1.1261,1.3291,113.75
2021-11-30,1.1287,1.3252,113.22
2021-12-01,1.1323,1.3308,112.82
2021-12-02,1.1306,1.3305,113.1
2021-12-03,1.1308,1.3234,112.88
2021-12-06,1.1282,1.3252,113.31
2021-12-07,1.1247,1.3236,113.61
2021-12-08,1.133,1.3236,113.83
2021-12-09,1.1285,1.3188,113.53
2021-12-10,1.1312,1.3262,113.36
2021-12-13,1.1298,1.3233,113.42
2021-12-14,1.1267,1.3225,113.63
2021-12-15,1.1261,1.3214,113.83
2021-12-16,1.1309,1.3325,113.67
2021-12-17,1.1277,1.3269,113.56
2021-12-20,1.1298,1.3222,113.45
2021-12-21,1.1272,1.3253,114.11
2021-12-22,1.1324,1.3345,114.22
2021-12-23,1.132,1.341,114.42
2021-12-27,1.1329,1.3438,114.85
2021-12-28,1.1314,1.3432,114.75
2021-12-29,1.1337,1.3475,114.97
2021-12-30,1.1318,1.35,115.17
2022-01-03,1.129,1.3469,115.27
2022-01-04,1.1296,1.3544,116.12
2022-01-05,1.1335,1.3573,115.91
2022-01-06,1.1307,1.3539,115.78
2022-01-07,1.1358,1.3583,115.61
2022-01-10,1.1328,1.3567,115.14
2022-01-11,1.1363,1.3622,115.38
2022-01-12,1.1431,1.3698,114.74
2022-01-13,1.1464,1.3724,114.06
2022-01-14,1.1414,1.367,113.89
2022-01-18,1.1336,1.3588,114.6
2022-01-19,1.1346,1.3625,114.28
2022-01-20,1.1336,1.3642,114.08
2022-01-21,1.1346,1.3562,113.72
2022-01-24,1.131,1.3447,113.82
2022-01-25,1.1283,1.3495,113.88
2022-01-26,1.1279,1.3516,114.33
2022-01-27,1.1141,1.3385,115.47
2022-01-28,1.116,1.3417,115.21
2022-01-31,1.1212,1.3439,115.22
2022-02-01,1.1239,1.3505,114.77
2022-02-02,1.1299,1.3565,114.36
2022-02-03,1.1425,1.3602,114.88
2022-02-04,1.1455,1.3543,115.22
2022-02-07,1.1434,1.3533,115.09
2022-02-08,1.1416,1.3552,115.62
2022-02-09,1.1435,1.354,115.44
2022-02-10,1.1487,1.3636,115.84
2022-02-11,1.1404,1.3601,115.91
2022-02-14,1.1306,1.3516,115.72
2022-02-15,1.1363,1.3539,115.64
2022-02-16,1.1381,1.3585,115.41
2022-02-17,1.1364,1.3624,115.03
2022-02-18,1.1327,1.3585,115.08
2022-02-22,1.1342,1.3597,114.94
2022-02-23,1.1316,1.3555,115.12
2022-02-24,1.1154,1.336,115.45
2022-02-25,1.1261,1.3407,115.62
2022-02-28,1.1224,1.3419,115.11
2022-03-01,1.1103,1.3318,114.87
2022-03-02,1.1102,1.3365,115.59
2022-03-03,1.1053,1.3326,115.67
2022-03-04,1.0912,1.3214,114.65
2022-03-07,1.086,1.3115,115.41
2022-03-08,1.0881,1.3101,115.64
2022-03-09,1.1069,1.316,115.87
2022-03-10,1.1007,1.3108,116.05
2022-03-11,1.0937,1.3063,117.08
2022-03-14,1.0979,1.3044,118.0
2022-03-15,1.0974,1.3065,118.19
2022-03-16,1.0996,1.3096,118.48
2022-03-17,1.111,1.3159,118.45
2022-03-18,1.1044,1.3169,119.17
2022-03-21,1.1048,1.3201,119.15
2022-03-22,1.1022,1.3258,120.66
2022-03-23,1.1001,1.3212,121.02
2022-03-24,1.1006,1.3183,122.08
2022-03-25,1.0985,1.3193,121.98
2022-03-28,1.0977,1.3091,123.25
2022-03-29,1.1104,1.3125,122.61
2022-03-30,1.1163,1.3149,121.97
2022-03-31,1.1093,1.3152,121.44
2022-04-01,1.1043,1.3114,122.6
2022-04-04,1.0992,1.3116,122.7
2022-04-05,1.0921,1.3101,123.48
2022-04-06,1.0913,1.3082,123.7
2022-04-07,1.09,1.306,123.8
2022-04-08,1.0874,1.3032,124.31
2022-04-11,1.0875,1.3033,125.55
2022-04-12,1.0852,1.3031,125.25
2022-04-13,1.0874,1.3072,125.51
2022-04-14,1.0796,1.3052,125.92
2022-04-15,1.0812,1.3066,126.31
2022-04-18,1.0785,1.3019,126.77
2022-04-19,1.0789,1.3009,128.55
2022-04-20,1.0857,1.3055,127.76
2022-04-21,1.0839,1.3042,128.62
2022-04-22,1.079,1.2848,128.78
2022-04-25,1.0703,1.2698,127.66
2022-04-26,1.0661,1.2617,127.37
2022-04-27,1.0549,1.2547,128.44
2022-04-28,1.05,1.2443,130.94
2022-04-29,1.0537,1.2565,129.84
2022-05-02,1.0521,1.2523,130.18
2022-05-03,1.0532,1.251,130.09
2022-05-04,1.0539,1.2487,129.97
2022-05-05,1.0507,1.2334,130.41
2022-05-06,1.0572,1.2344,130.35
2022-05-09,1.0559,1.2335,130.37
2022-05-10,1.0531,1.2313,130.21
2022-05-11,1.0537,1.2317,130.2
2022-05-12,1.0376,1.2198,128.1
2022-05-13,1.041,1.2242,129.23
2022-05-16,1.042,1.227,129.15
2022-05-17,1.0532,1.2468,129.31
2022-05-18,1.0494,1.2396,128.22
2022-05-19,1.0587,1.2504,127.62
2022-05-20,1.0559,1.2492,127.86
2022-05-23,1.0668,1.2571,127.78
2022-05-24,1.0744,1.2544,126.56
2022-05-25,1.0658,1.2539,127.31
2022-05-26,1.0725,1.2582,127.23
2022-05-27,1.0709,1.2613,127.14
2022-05-31,1.0731,1.2624,128.53
2022-06-01,1.0646,1.2472,130.09
2022-06-02,1.0733,1.2557,129.83
2022-06-03,1.0721,1.2496,130.71
2022-06-06,1.0699,1.2544,131.55
2022-06-07,1.0697,1.2594,132.53
2022-06-08,1.074,1.2557,134.06
2022-06-09,1.0656,1.2511,134.06
2022-06-10,1.0521,1.233,134.19
2022-06-13,1.0436,1.217,134.12
2022-06-14,1.0416,1.2011,134.89
2022-06-15,1.0388,1.2057,134.5
2022-06-16,1.0531,1.2341,131.65
2022-06-17,1.0473,1.2201,135.14
2022-06-21,1.0548,1.2277,136.25
2022-06-22,1.0583,1.228,136.05
2022-06-23,1.0503,1.224,134.72
2022-06-24,1.0539,1.2273,135.22
2022-06-27,1.0601,1.2305,135.26
2022-06-28,1.0534,1.22,136.19
2022-06-29,1.0477,1.2151,136.5
2022-06-30,1.0469,1.2162,135.69
2022-07-01,1.0409,1.2048,135.09
2022-07-05,1.0254,1.1932,135.72
2022-07-06,1.0173,1.1907,135.66
2022-07-07,1.0159,1.1994,135.99
2022-07-08,1.0178,1.2036,136.16
2022-07-11,1.0088,1.1907,137.29
2022-07-12,1.0069,1.1905,136.68
2022-07-13,1.0081,1.1919,137.34
2022-07-14,1.0028,1.1827,138.94
2022-07-15,1.0089,1.1857,138.57
2022-07-18,1.016,1.1989,138.23
2022-07-19,1.0238,1.2022,137.94
2022-07-20,1.0217,1.1989,138.16
2022-07-21,1.0197,1.1968,137.94
2022-07-22,1.0225,1.2019,136.12
2022-07-25,1.0211,1.2042,136.72
2022-07-26,1.0116,1.2036,136.62
2022-07-27,1.0108,1.2027,137.31
2022-07-28,1.0163,1.2126,134.45
2022-07-29,1.0202,1.2183,133.25
2022-08-01,1.027,1.2278,131.8
2022-08-02,1.0194,1.2218,132.32
2022-08-03,1.0146,1.2132,134.18
2022-08-04,1.0221,1.2141,133.28
2022-08-05,1.017,1.2061,135.33
2022-08-08,1.0207,1.2098,134.73
2022-08-09,1.0226,1.2089,134.95
2022-08-10,1.0337,1.2245,132.58
2022-08-11,1.0338,1.223,132.66
2022-08-12,1.0257,1.2132,133.57
2022-08-15,1.0186,1.209,133.13
2022-08-16,1.0174,1.209,134.38
2022-08-17,1.0164,1.203,135.4
2022-08-18,1.0114,1.197,135.29
2022-08-19,1.0039,1.181,137.01
2022-08-22,0.9936,1.1752,137.57
2022-08-23,0.9976,1.1844,136.36
2022-08-24,0.9967,1.1802,136.92
2022-08-25,0.9959,1.1803,136.83
2022-08-26,0.9998,1.1778,137.07
2022-08-29,1.0,1.1718,138.74
2022-08-30,1.0018,1.1651,138.73
2022-08-31,1.0065,1.1647,138.69
2022-09-01,0.995,1.1541,139.93
2022-09-02,1.003,1.1582,140.03
2022-09-06,0.9914,1.1549,142.95
2022-09-07,0.9942,1.1473,144.39
2022-09-08,0.9956,1.1489,144.05
2022-09-09,1.0046,1.16,142.44
2022-09-12,1.0129,1.1701,142.41
2022-09-13,0.9997,1.1526,144.3
2022-09-14,0.9993,1.1564,142.93
2022-09-15,0.9991,1.1472,143.57
2022-09-16,1.0013,1.1419,143.04
2022-09-19,1.0003,1.1403,143.34
2022-09-20,0.9994,1.1405,143.64
2022-09-21,0.988,1.133,144.14
2022-09-22,0.9841,1.1269,142.16
2022-09-23,0.9719,1.0921,143.18
2022-09-26,0.9623,1.0703,144.45
2022-09-27,0.9616,1.0753,144.71
2022-09-28,0.9681,1.0832,144.15
2022-09-29,0.9774,1.1048,144.45
2022-09-30,0.9783,1.1134,144.71
2022-10-03,0.9809,1.1272,144.5
2022-10-04,0.9977,1.1446,144.32
2022-10-05,0.9866,1.1275,144.73
2022-10-06,0.9806,1.1133,144.94
2022-10-07,0.9785,1.1116,145.19
2022-10-11,0.9757,1.1168,145.55
2022-10-12,0.9692,1.1096,146.87
2022-10-13,0.978,1.1344,147.15
2022-10-14,0.9739,1.1208,148.46
2022-10-17,0.9843,1.1427,148.71
2022-10-18,0.9842,1.1307,149.23
2022-10-19,0.978,1.1232,149.77
2022-10-20,0.9823,1.1288,149.82
2022-10-21,0.9855,1.1292,146.35
2022-10-24,0.9874,1.1295,148.76
2022-10-25,0.9959,1.1469,147.85
2022-10-26,1.0068,1.1615,146.5
2022-10-27,0.9985,1.1574,146.02
2022-10-28,0.9934,1.1573,147.68
2022-10-31,0.9885,1.1515,148.63
2022-11-01,0.9871,1.146,148.11
2022-11-02,0.9875,1.1467,147.11
2022-11-03,0.9759,1.1183,148.18
2022-11-04,0.9895,1.1279,147.22
2022-11-07,0.9997,1.1463,146.64
2022-11-08,1.0089,1.1595,145.38
2022-11-09,1.0037,1.1396,146.15
2022-11-10,1.0176,1.1677,141.78
2022-11-14,1.0337,1.1728,140.43
2022-11-15,1.0372,1.189,139.36
2022-11-16,1.0395,1.1889,139.59
2022-11-17,1.0341,1.1812,140.45
2022-11-18,1.0349,1.1902,140.03
2022-11-21,1.0238,1.1785,141.95
2022-11-22,1.0276,1.188,141.29
2022-11-23,1.0364,1.204,139.76
2022-11-25,1.0402,1.2102,139.21
2022-11-28,1.0386,1.2041,138.67
2022-11-29,1.0356,1.1996,138.28
2022-11-30,1.0323,1.1962,139.31
2022-12-01,1.0498,1.2252,135.55
2022-12-02,1.0521,1.2292,134.89
2022-12-05,1.0494,1.2169,136.55
2022-12-06,1.0497,1.2202,136.67
2022-12-07,1.0505,1.2194,136.57
2022-12-08,1.0552,1.2235,136.45
2022-12-09,1.055,1.2311,136.4
2022-12-12,1.0545,1.2285,137.47
2022-12-13,1.063,1.2375,135.14
2022-12-14,1.0655,1.2408,134.95
2022-12-15,1.0638,1.2206,137.92
2022-12-16,1.061,1.2168,136.55
2022-12-19,1.0624,1.218,136.87
2022-12-20,1.0635,1.2146,131.08
2022-12-21,1.0599,1.2072,132.36
2022-12-22,1.0588,1.2032,132.34
2022-12-23,1.0621,1.2054,132.78
2022-12-27,1.0654,1.2032,133.43
2022-12-28,1.0622,1.2034,134.27
2022-12-29,1.0668,1.206,133.16
2022-12-30,1.0698,1.2077,131.81
2023-01-03,1.0559,1.197,130.83
2023-01-04,1.062,1.2063,132.0
2023-01-05,1.0522,1.1902,133.57
2023-01-06,1.0619,1.2064,132.21
2023-01-09,1.0759,1.2206,131.58
2023-01-10,1.0737,1.2155,132.25
2023-01-11,1.074,1.2125,132.58
2023-01-12,1.0823,1.2182,129.75
2023-01-13,1.0811,1.2194,127.85
2023-01-17,1.0793,1.2264,128.18
2023-01-18,1.0827,1.2369,128.45
2023-01-19,1.081,1.2366,128.48
2023-01-20,1.0831,1.2374,129.97
2023-01-23,1.0865,1.237,130.69
2023-01-24,1.0873,1.2323,130.07
2023-01-25,1.0901,1.2374,129.64
2023-01-26,1.0866,1.237,130.4
2023-01-27,1.0857,1.2379,129.94
2023-01-30,1.0867,1.2373,130.34
2023-01-31,1.0858,1.2324,130.17
2023-02-01,1.0917,1.2308,129.27
2023-02-02,1.0918,1.226,128.45
2023-02-03,1.0825,1.2073,131.07
2023-02-06,1.0722,1.2009,132.76
2023-02-07,1.0705,1.2013,131.37
2023-02-08,1.0734,1.2093,131.27
2023-02-09,1.0761,1.2157,130.98
2023-02-10,1.067,1.2061,131.5
2023-02-13,1.0718,1.2136,132.71
2023-02-14,1.0722,1.2157,133.05
2023-02-15,1.0683,1.2031,134.22
2023-02-16,1.0684,1.2018,133.95
2023-02-17,1.0678,1.2012,134.21
2023-02-21,1.0657,1.2111,134.87
2023-02-22,1.0623,1.2064,134.77
2023-02-23,1.0583,1.2016,134.8
2023-02-24,1.0545,1.1948,136.36
2023-02-27,1.0596,1.2036,136.18
2023-02-28,1.0602,1.2093,136.09
2023-03-01,1.0674,1.2034,135.82
2023-03-02,1.0595,1.1942,136.84
2023-03-03,1.0616,1.1996,136.09
2023-03-06,1.0694,1.2048,135.93
2023-03-07,1.0573,1.1857,136.9
2023-03-08,1.0549,1.1837,137.18
2023-03-09,1.0577,1.1922,136.41
2023-03-10,1.0659,1.2043,135.05
2023-03-13,1.0733,1.216,133.13
2023-03-14,1.0722,1.2146,134.33
2023-03-15,1.0535,1.2032,132.81
2023-03-16,1.0622,1.2111,133.01
2023-03-17,1.0647,1.2141,132.01
2023-03-20,1.0722,1.2257,131.59
2023-03-21,1.0769,1.2195,132.27
2023-03-22,1.0792,1.2232,132.67
2023-03-23,1.089,1.2322,130.99
2023-03-24,1.0762,1.2225,130.64
2023-03-27,1.0789,1.2278,131.49
2023-03-28,1.0844,1.2341,130.97
2023-03-29,1.0826,1.2313,132.69
2023-03-30,1.0899,1.2368,132.71
2023-03-31,1.0872,1.2369,132.75
2023-04-03,1.0891,1.2403,132.35
2023-04-04,1.0951,1.2498,131.6
2023-04-05,1.0918,1.2469,131.11
2023-04-06,1.0927,1.2456,131.67
2023-04-07,1.0913,1.2422,132.11
2023-04-10,1.084,1.2358,133.75
2023-04-11,1.0906,1.2409,133.63
2023-04-12,1.0987,1.2471,133.25
2023-04-13,1.1054,1.2531,132.37
2023-04-14,1.098,1.2417,133.74
2023-04-17,1.0915,1.2359,134.51
2023-04-18,1.0958,1.2419,134.11
2023-04-19,1.0953,1.2442,134.79
2023-04-20,1.097,1.2448,134.1
2023-04-21,1.0973,1.2419,134.28
2023-04-24,1.1027,1.2457,134.41
2023-04-25,1.0968,1.2398,133.96
2023-04-26,1.1052,1.2486,133.72
2023-04-27,1.1017,1.2471,134.04
2023-04-28,1.104,1.2582,135.99
2023-05-01,1.097,1.2495,137.35
2023-05-02,1.0997,1.2475,136.46
2023-05-03,1.1049,1.2547,135.31
2023-05-04,1.1009,1.258,133.76
2023-05-05,1.1026,1.265,134.85
2023-05-08,1.102,1.2633,134.83
2023-05-09,1.0953,1.2618,135.15
2023-05-10,1.0966,1.2614,134.52
2023-05-11,1.0916,1.2501,134.46
2023-05-12,1.0856,1.2464,135.63
2023-05-15,1.0874,1.2526,136.07
2023-05-16,1.0866,1.2494,136.62
2023-05-17,1.083,1.2475,137.51
2023-05-18,1.0776,1.2424,138.5
2023-05-19,1.0819,1.2464,137.67
2023-05-22,1.0806,1.2425,138.65
2023-05-23,1.0771,1.2423,138.74
2023-05-24,1.0758,1.2368,139.14
2023-05-25,1.0725,1.2325,139.81
2023-05-26,1.0713,1.2342,140.53
2023-05-30,1.0722,1.2403,139.83
2023-05-31,1.0654,1.2396,139.78
2023-06-01,1.0752,1.2536,138.74
2023-06-02,1.0724,1.2468,139.76
2023-06-05,1.0721,1.244,139.64
2023-06-06,1.0695,1.2418,139.67
2023-06-07,1.0702,1.2451,139.98
2023-06-08,1.078,1.2547,138.83
2023-06-09,1.0749,1.2579,139.35
2023-06-12,1.0747,1.2489,139.72
2023-06-13,1.0792,1.2611,140.0
2023-06-14,1.0859,1.2696,139.33
2023-06-15,1.0933,1.2762,140.49
2023-06-16,1.0925,1.2815,141.82
2023-06-20,1.09,1.2732,141.46
2023-06-21,1.0951,1.2737,142.09
2023-06-22,1.0953,1.275,142.89
2023-06-23,1.0887,1.2701,143.78
2023-06-26,1.091,1.2724,143.55
2023-06-27,1.0961,1.2752,144.0
2023-06-28,1.0904,1.2637,144.23
2023-06-29,1.0881,1.2617,144.72
2023-06-30,1.092,1.2709,144.47
2023-07-03,1.0919,1.2695,144.5
2023-07-05,1.0868,1.271,144.56
2023-07-06,1.0873,1.2721,144.09
2023-07-07,1.0964,1.2838,142.21
2023-07-10,1.0991,1.2837,141.56
2023-07-11,1.0992,1.2901,140.51
2023-07-12,1.1123,1.2993,138.21
2023-07-13,1.1194,1.3097,138.14
2023-07-14,1.1237,1.3113,138.74
2023-07-17,1.1236,1.3078,138.92
2023-07-18,1.1223,1.3054,138.94
2023-07-19,1.1195,1.2898,139.76
2023-07-20,1.1135,1.2849,140.39
2023-07-21,1.112,1.2854,141.75
2023-07-24,1.1083,1.2828,141.19
2023-07-25,1.105,1.2876,140.91
2023-07-26,1.1078,1.293,140.41
2023-07-27,1.0998,1.287,141.03
2023-07-28,1.1039,1.287,140.72
2023-07-31,1.102,1.2857,142.18
2023-08-01,1.0971,1.275,143.34
2023-08-02,1.0939,1.2712,143.21
2023-08-03,1.0947,1.2709,142.42
2023-08-04,1.1036,1.2775,141.79
2023-08-07,1.1,1.2769,142.45
2023-08-08,1.0951,1.2729,143.17
2023-08-09,1.0975,1.2715,143.58
2023-08-10,1.1016,1.2726,144.4
2023-08-11,1.0957,1.2694,144.94
2023-08-14,1.0922,1.2691,145.3
2023-08-15,1.0928,1.2745,145.4
2023-08-16,1.0904,1.2749,145.81
2023-08-17,1.0874,1.2753,146.16
2023-08-18,1.0875,1.2738,145.15
2023-08-21,1.0888,1.2737,146.26
2023-08-22,1.0846,1.2733,145.79
2023-08-23,1.0862,1.2715,144.62
2023-08-24,1.0826,1.2634,145.75
2023-08-25,1.0787,1.257,146.38
2023-08-28,1.081,1.2592,146.4
2023-08-29,1.0851,1.2614,146.01
2023-08-30,1.0926,1.2726,145.94
2023-08-31,1.0839,1.2667,145.68
2023-09-01,1.0787,1.2594,146.2
2023-09-05,1.0727,1.2583,147.63
2023-09-06,1.0714,1.2498,147.65
2023-09-07,1.0704,1.2485,147.13
2023-09-08,1.0709,1.2476,147.7
2023-09-11,1.0744,1.2529,146.46
2023-09-12,1.0726,1.2477,147.12
2023-09-13,1.0737,1.2488,147.45
2023-09-14,1.066,1.241,147.17
2023-09-15,1.0673,1.2392,147.83
2023-09-18,1.0695,1.2403,147.63
2023-09-19,1.0684,1.2393,147.8
2023-09-20,1.0715,1.2389,147.74
2023-09-21,1.0664,1.2299,147.42
2023-09-22,1.066,1.2257,148.24
2023-09-25,1.0591,1.2218,148.74
2023-09-26,1.0573,1.2168,148.9
2023-09-27,1.051,1.2133,149.48
2023-09-28,1.0578,1.2223,149.18
2023-09-29,1.0584,1.2214,149.43
2023-10-02,1.05,1.213,149.8
2023-10-03,1.0453,1.2069,149.16
2023-10-04,1.0518,1.2157,148.83
2023-10-05,1.0527,1.2171,148.49
2023-10-06,1.0596,1.2255,149.08
2023-10-10,1.0618,1.2288,148.62
2023-10-11,1.062,1.2304,149.17
2023-10-12,1.0553,1.2214,149.71
2023-10-13,1.0502,1.2139,149.62
2023-10-16,1.0546,1.2198,149.57
2023-10-17,1.0593,1.2206,149.71
2023-10-18,1.0532,1.215,149.86
2023-10-19,1.057,1.2145,149.92
2023-10-20,1.0592,1.2153,149.85
2023-10-23,1.0646,1.2235,149.78
2023-10-24,1.0595,1.217,149.84
2023-10-25,1.0583,1.214,149.94
2023-10-26,1.0532,1.2113,150.44
2023-10-27,1.0592,1.2151,149.6
2023-10-30,1.062,1.2157,149.01
2023-10-31,1.0568,1.2135,151.46
2023-11-01,1.0538,1.2127,150.96
2023-11-02,1.0618,1.2175,150.48
2023-11-03,1.0733,1.2374,149.36
2023-11-06,1.0747,1.2391,149.77
2023-11-07,1.0687,1.2296,150.47
2023-11-08,1.0715,1.2301,150.77
2023-11-09,1.071,1.2279,151.04
2023-11-13,1.07,1.2268,151.56
2023-11-14,1.0861,1.2483,150.75
2023-11-15,1.0853,1.2431,151.07
2023-11-16,1.0851,1.2423,150.59
2023-11-17,1.0879,1.243,149.82
2023-11-20,1.0945,1.2505,148.26
2023-11-21,1.0923,1.254,147.88
2023-11-22,1.0871,1.2468,149.67
2023-11-24,1.0934,1.2601,149.57
2023-11-27,1.0937,1.2613,148.89
2023-11-28,1.1007,1.2713,147.41
2023-11-29,1.0969,1.269,147.39
2023-11-30,1.0908,1.264,147.87
2023-12-01,1.0878,1.2682,147.0
2023-12-04,1.0824,1.2633,147.15
2023-12-05,1.0787,1.259,147.26
2023-12-06,1.079,1.2589,147.16
2023-12-07,1.0794,1.2582,144.1
2023-12-08,1.0746,1.2539,144.88
2023-12-11,1.0747,1.255,146.41
2023-12-12,1.079,1.2549,145.45
2023-12-13,1.0793,1.2527,145.17
2023-12-14,1.0997,1.2767,141.53
2023-12-15,1.0906,1.2709,141.8
2023-12-18,1.092,1.2632,143.04
2023-12-19,1.0977,1.2751,143.62
2023-12-20,1.0957,1.266,143.77
2023-12-21,1.099,1.2668,142.16
2023-12-22,1.1008,1.272,142.6
2023-12-26,1.1035,1.2709,142.48
2023-12-27,1.1114,1.2797,142.05
2023-12-28,1.1073,1.2743,141.08
2023-12-29,1.1062,1.2743,140.92
2024-01-02,1.0957,1.2632,141.89
2024-01-03,1.0909,1.2641,143.55
2024-01-04,1.0957,1.2692,144.59
2024-01-05,1.0957,1.274,144.52
2024-01-08,1.0976,1.2766,143.89
2024-01-09,1.0935,1.272,144.35
2024-01-10,1.096,1.273,145.68
2024-01-11,1.0943,1.2712,146.03
2024-01-12,1.0959,1.2746,144.86
2024-01-16,1.0882,1.2657,147.01
2024-01-17,1.0858,1.2666,148.39
2024-01-18,1.0863,1.2687,148.15
2024-01-19,1.0887,1.2677,148.21
2024-01-22,1.0895,1.2728,147.95
2024-01-23,1.0829,1.2661,148.55
2024-01-24,1.0901,1.2754,147.31
2024-01-25,1.0837,1.27,147.69
2024-01-26,1.0866,1.272,147.94
2024-01-29,1.0807,1.2681,147.65
2024-01-30,1.0844,1.2683,147.71
2024-01-31,1.0855,1.2733,146.26
2024-02-01,1.0865,1.2727,146.18
2024-02-02,1.0787,1.2627,148.54
2024-02-05,1.0736,1.2532,148.79
2024-02-06,1.0751,1.2589,148.03
2024-02-07,1.0769,1.2629,148.04
2024-02-08,1.0774,1.262,149.25
2024-02-09,1.0782,1.2628,149.38
2024-02-12,1.0774,1.2631,149.37
2024-02-13,1.072,1.2606,150.72
2024-02-14,1.0735,1.2562,150.5
2024-02-15,1.0761,1.258,150.19
2024-02-16,1.0769,1.259,150.34
2024-02-20,1.0814,1.2645,149.87
2024-02-21,1.0818,1.2624,150.29
2024-02-22,1.0815,1.2649,150.62
2024-02-23,1.0828,1.2678,150.36
2024-02-26,1.0855,1.2681,150.79
2024-02-27,1.0857,1.2693,150.46
2024-02-28,1.0843,1.267,150.68
2024-02-29,1.0807,1.2632,149.9
2024-03-01,1.0832,1.2652,150.2
2024-03-04,1.0862,1.2701,150.44
2024-03-05,1.0861,1.2712,150.14
2024-03-06,1.0913,1.2757,149.17
2024-03-07,1.0941,1.2796,148.08
2024-03-08,1.0941,1.2852,147.17
2024-03-11,1.0928,1.2807,146.86
2024-03-12,1.0918,1.2786,147.69
2024-03-13,1.0944,1.2799,147.73
2024-03-14,1.0888,1.2749,148.19
2024-03-15,1.0888,1.2742,149.14
2024-03-18,1.0886,1.2736,149.13
2024-03-19,1.0859,1.2713,150.73
2024-03-20,1.0856,1.2713,151.66
2024-03-21,1.0861,1.267,151.59
2024-03-22,1.0817,1.2603,151.35
2024-03-25,1.0837,1.2648,151.42
2024-03-26,1.0829,1.263,151.58
2024-03-27,1.0821,1.2631,151.35
2024-03-28,1.0801,1.2634,151.35
2024-03-29,1.0791,1.2637,151.22
2024-04-01,1.0733,1.2545,151.72
2024-04-02,1.0769,1.2576,151.55
2024-04-03,1.0827,1.2635,151.67
2024-04-04,1.0865,1.2669,151.66
2024-04-05,1.0841,1.2633,151.59
2024-04-08,1.0853,1.2655,151.78
2024-04-09,1.0856,1.2676,151.73
2024-04-10,1.0737,1.2544,152.9
2024-04-11,1.0722,1.2535,153.19
2024-04-12,1.0647,1.2457,153.12
2024-04-15,1.0644,1.2466,154.25
2024-04-16,1.0628,1.2437,154.57
2024-04-17,1.0644,1.2443,154.61
2024-04-18,1.066,1.2465,154.61
2024-04-19,1.0655,1.2397,154.55
2024-04-22,1.0655,1.2341,154.77
2024-04-23,1.0695,1.2434,154.81
2024-04-24,1.0687,1.2434,155.11
2024-04-25,1.0721,1.2494,155.52
2024-04-26,1.0686,1.2474,157.62
2024-04-29,1.0717,1.2553,156.71
2024-04-30,1.0684,1.2514,157.54
2024-05-01,1.068,1.2488,157.65
2024-05-02,1.0706,1.2507,153.77
2024-05-03,1.077,1.255,152.85
2024-05-06,1.0779,1.2575,153.85
2024-05-07,1.0767,1.2535,154.59
2024-05-08,1.0755,1.2503,155.42
2024-05-09,1.0771,1.2505,155.68
2024-05-10,1.0773,1.2528,155.85
2024-05-13,1.0796,1.2563,156.17
2024-05-14,1.0818,1.2588,156.5
2024-05-15,1.086,1.2658,155.02
2024-05-16,1.0875,1.2682,155.25
2024-05-17,1.0869,1.2703,155.57
2024-05-20,1.0861,1.2708,156.09
2024-05-21,1.0855,1.271,156.08
2024-05-22,1.0836,1.2739,156.49
2024-05-23,1.0827,1.2717,157.05
2024-05-24,1.0852,1.2746,156.9
2024-05-28,1.0879,1.2786,156.9
2024-05-29,1.0811,1.2714,157.62
2024-05-30,1.0837,1.2739,156.63
2024-05-31,1.0846,1.2738,157.19
2024-06-03,1.089,1.2795,156.04
2024-06-04,1.0878,1.2785,154.87
2024-06-05,1.0865,1.2771,156.21
2024-06-06,1.0883,1.2786,155.98
2024-06-07,1.0807,1.2727,156.58
2024-06-10,1.0751,1.2733,156.93
2024-06-11,1.0733,1.2725,157.32
2024-06-12,1.0843,1.2843,155.88
2024-06-13,1.0756,1.2764,156.77
2024-06-14,1.0699,1.2685,157.28
2024-06-17,1.0723,1.2689,157.8
2024-06-18,1.0739,1.2699,157.81
2024-06-20,1.0708,1.2671,158.77
2024-06-21,1.0694,1.2645,159.45
2024-06-24,1.0727,1.2684,159.71
2024-06-25,1.0705,1.2677,159.68
2024-06-26,1.0682,1.2625,160.68
2024-06-27,1.0708,1.2653,160.7
2024-06-28,1.0711,1.264,160.88
2024-07-01,1.0728,1.265,161.55
2024-07-02,1.0737,1.2679,161.53
2024-07-03,1.0799,1.2766,161.48
2024-07-05,1.0828,1.2807,160.73
2024-07-08,1.0835,1.2829,160.77
2024-07-09,1.0813,1.2787,161.4
2024-07-10,1.0823,1.2842,161.73
2024-07-11,1.087,1.292,158.58
2024-07-12,1.0902,1.2986,157.88
2024-07-15,1.0912,1.2986,157.89
2024-07-16,1.0885,1.2958,158.57
2024-07-17,1.0933,1.3008,156.56
2024-07-18,1.0913,1.2973,156.97
2024-07-19,1.0888,1.2922,157.38
2024-07-22,1.088,1.2911,157.08
2024-07-23,1.0855,1.2916,156.02
2024-07-24,1.0853,1.2925,153.39
2024-07-25,1.0861,1.2884,153.97
2024-07-26,1.0859,1.2864,153.86
2024-07-29,1.0819,1.2853,153.96
2024-07-30,1.0809,1.2828,153.72
2024-07-31,1.0823,1.284,150.38
2024-08-01,1.0789,1.2772,150.06
2024-08-02,1.0914,1.2798,146.98
2024-08-05,1.0957,1.2765,143.95
2024-08-06,1.0926,1.2695,145.11
2024-08-07,1.0925,1.2718,147.42
2024-08-08,1.0914,1.2741,147.08
2024-08-09,1.0925,1.2766,146.49
2024-08-12,1.0928,1.2776,147.54
2024-08-13,1.0954,1.2828,146.97
2024-08-14,1.1024,1.2849,146.86
2024-08-15,1.0986,1.2863,148.91
2024-08-16,1.0996,1.2906,148.13
2024-08-19,1.107,1.2984,146.42
2024-08-20,1.1106,1.3027,145.7
2024-08-21,1.1143,1.3077,145.19
2024-08-22,1.1114,1.3094,145.97
2024-08-23,1.1176,1.3197,144.86
2024-08-26,1.1164,1.3185,144.51
2024-08-27,1.116,1.3235,144.26
2024-08-28,1.1127,1.3201,144.47
2024-08-29,1.1086,1.3186,144.98
2024-08-30,1.106,1.3132,145.95
2024-09-03,1.1043,1.3103,145.82
2024-09-04,1.1081,1.3142,144.31
2024-09-05,1.1096,1.3165,143.43
2024-09-06,1.1086,1.3136,142.13
2024-09-09,1.1042,1.3083,142.92
2024-09-10,1.1025,1.3065,142.28
2024-09-11,1.1012,1.3027,141.72
2024-09-12,1.1041,1.3081,142.24
2024-09-13,1.1085,1.314,140.66
2024-09-16,1.1123,1.3202,140.79
2024-09-17,1.1118,1.3164,141.77
2024-09-18,1.1116,1.3199,141.93
2024-09-19,1.1147,1.3279,142.88
2024-09-20,1.1159,1.3305,143.9
2024-09-23,1.113,1.3351,143.59
2024-09-24,1.115,1.3376,143.77
2024-09-25,1.1143,1.3338,144.41
2024-09-26,1.1184,1.3428,144.68
2024-09-27,1.1159,1.3394,142.6
2024-09-30,1.1145,1.3399,143.25
2024-10-01,1.1067,1.3282,143.66
2024-10-02,1.105,1.3271,146.05
2024-10-03,1.1015,1.3114,146.82
2024-10-04,1.0961,1.3107,148.69
2024-10-07,1.0976,1.308,148.13
2024-10-08,1.097,1.3093,148.22
2024-10-09,1.0951,1.308,149.2
2024-10-10,1.0925,1.3053,148.56
2024-10-11,1.0942,1.307,149.12
2024-10-15,1.0899,1.3083,149.22
2024-10-16,1.0873,1.3,149.71
2024-10-17,1.0837,1.3008,150.12
2024-10-18,1.0854,1.3022,149.58
2024-10-21,1.082,1.298,150.47
2024-10-22,1.0805,1.2969,151.11
2024-10-23,1.0779,1.2944,152.81
2024-10-24,1.0806,1.2964,151.87
2024-10-25,1.0813,1.2978,152.08
2024-10-28,1.0819,1.2981,153.21
2024-10-29,1.0798,1.3005,153.47
2024-10-30,1.0864,1.3012,153.15
2024-10-31,1.0855,1.2856,152.35
2024-11-01,1.0848,1.2959,152.94
2024-11-04,1.0884,1.2942,152.02
2024-11-05,1.092,1.3015,151.96
2024-11-06,1.0732,1.2897,154.58
2024-11-07,1.0792,1.2985,153.13
2024-11-08,1.071,1.2905,152.58
2024-11-12,1.0598,1.2733,154.73
2024-11-13,1.0567,1.2709,155.28
2024-11-14,1.0562,1.2706,155.96
2024-11-15,1.0552,1.2629,154.59
2024-11-18,1.0586,1.2664,154.78
2024-11-19,1.0578,1.2667,154.34
2024-11-20,1.0521,1.2639,155.38
2024-11-21,1.0475,1.2586,154.66
2024-11-22,1.0399,1.2516,154.73
2024-11-25,1.0478,1.2554,154.29
2024-11-26,1.0481,1.2547,153.49
2024-11-27,1.0575,1.2678,150.69
2024-11-29,1.0547,1.2699,150.41
2024-12-02,1.0484,1.2639,149.26
2024-12-03,1.0518,1.2677,149.12
2024-12-04,1.0527,1.2712,150.18
2024-12-05,1.0571,1.2754,150.19
2024-12-06,1.0563,1.2744,149.78
2024-12-09,1.057,1.2783,151.24
2024-12-10,1.0512,1.2758,152.05
2024-12-11,1.0508,1.2763,152.34
2024-12-12,1.0514,1.2715,152.07
2024-12-13,1.0498,1.2629,153.74
2024-12-16,1.0512,1.269,154.18
2024-12-17,1.0506,1.2718,153.41
2024-12-18,1.0469,1.2696,154.0
2024-12-19,1.0357,1.253,157.73
2024-12-20,1.043,1.2587,156.11
2024-12-23,1.0409,1.2529,157.04
2024-12-24,1.0388,1.2528,157.29
2024-12-26,1.0423,1.2522,158.01
2024-12-27,1.0423,1.2573,157.73
2024-12-30,1.0386,1.2523,157.26
2024-12-31,1.0351,1.2521,157.37
2025-01-02,1.0261,1.2376,157.65
2025-01-03,1.0292,1.2419,157.2
2025-01-06,1.0397,1.253,157.54
2025-01-07,1.0369,1.2499,157.82
2025-01-08,1.0313,1.2366,158.31
2025-01-09,1.0298,1.2303,158.01
2025-01-10,1.0238,1.2215,157.68
2025-01-13,1.0209,1.2158,157.51
2025-01-14,1.0292,1.2188,157.95
2025-01-15,1.0282,1.2214,156.6
2025-01-16,1.0303,1.2246,155.44
2025-01-17,1.0287,1.2181,156.3
2025-01-21,1.0423,1.2331,155.49
2025-01-22,1.042,1.2324,156.62
2025-01-23,1.042,1.2347,156.0
2025-01-24,1.0515,1.2496,155.58
2025-01-27,1.0492,1.2479,154.22
2025-01-28,1.0427,1.2433,155.65
2025-01-29,1.0416,1.2435,155.22
2025-01-30,1.042,1.2453,154.42
2025-01-31,1.04,1.2447,154.91
2025-02-03,1.0277,1.2389,154.68
2025-02-04,1.0379,1.2487,154.56
2025-02-05,1.0419,1.2516,152.33
2025-02-06,1.0368,1.2435,152.04
2025-02-07,1.0329,1.2396,151.3
2025-02-10,1.0312,1.2385,151.72
2025-02-11,1.0346,1.2423,152.37
2025-02-12,1.0392,1.2444,154.62
2025-02-13,1.0428,1.2528,153.18
2025-02-14,1.0498,1.2609,152.25
2025-02-18,1.0457,1.2614,151.79
2025-02-19,1.0406,1.2571,151.67
2025-02-20,1.0475,1.2643,149.63
2025-02-21,1.0455,1.2647,149.49
2025-02-24,1.0478,1.264,149.57
2025-02-25,1.0498,1.2652,149.09
2025-02-26,1.0514,1.2696,149.13
2025-02-27,1.0414,1.2628,149.8
2025-02-28,1.0402,1.2591,150.64
2025-03-03,1.0496,1.2711,150.16
2025-03-04,1.0534,1.2726,148.81
2025-03-05,1.0768,1.2864,148.82
2025-03-06,1.0818,1.2894,147.9
2025-03-07,1.0859,1.2918,147.13
2025-03-10,1.0837,1.2909,147.15
2025-03-11,1.0927,1.2948,147.48
2025-03-12,1.0925,1.297,148.32
2025-03-13,1.0859,1.2945,147.71
2025-03-14,1.0872,1.2917,148.51
2025-03-17,1.0922,1.2988,148.56
2025-03-18,1.0927,1.2987,149.49
2025-03-19,1.0877,1.2969,150.02
2025-03-20,1.0848,1.2973,148.84
2025-03-21,1.0806,1.2896,148.98
2025-03-24,1.0794,1.2913,150.74
2025-03-25,1.0804,1.2948,149.77
2025-03-26,1.0781,1.2889,150.69
2025-03-27,1.08,1.2963,150.97
2025-03-28,1.0826,1.2942,150.26
2025-03-31,1.0796,1.2896,149.9
2025-04-01,1.08,1.2923,149.4
2025-04-02,1.0868,1.2974,149.98
2025-04-03,1.1052,1.3113,146.04
2025-04-04,1.1014,1.2927,145.93
2025-04-07,1.0912,1.2729,147.96
2025-04-08,1.0912,1.2769,147.02
2025-04-09,1.104,1.2771,145.09
2025-04-10,1.1192,1.294,144.34
2025-04-11,1.1325,1.3051,143.57
2025-04-14,1.1358,1.3176,142.96
2025-04-15,1.129,1.3223,143.1
2025-04-16,1.1382,1.3247,142.56
2025-04-17,1.1364,1.3259,142.33
2025-04-18,1.139,1.3279,142.22
2025-04-21,1.1508,1.3385,140.81
2025-04-22,1.1466,1.3376,140.87
2025-04-23,1.135,1.3256,142.64
2025-04-24,1.1363,1.3309,142.64
2025-04-25,1.1381,1.3331,143.75
2025-04-28,1.1387,1.3395,142.7
2025-04-29,1.1396,1.3397,142.29
2025-04-30,1.1349,1.3344,142.63
2025-05-01,1.1279,1.3273,145.48
2025-05-02,1.133,1.3283,144.52
2025-05-05,1.1315,1.3284,143.98
2025-05-06,1.1345,1.3369,142.76
2025-05-07,1.1348,1.3344,143.47
2025-05-08,1.1249,1.3287,145.46
2025-05-09,1.127,1.3318,145.15
2025-05-12,1.1106,1.3194,148.09
2025-05-13,1.1176,1.328,147.75
2025-05-14,1.1206,1.3303,146.54
2025-05-15,1.1189,1.3292,145.61
2025-05-16,1.1141,1.3257,146.02
2025-05-19,1.1236,1.3357,144.99
2025-05-20,1.1254,1.3371,144.72
2025-05-21,1.1343,1.3447,143.68
2025-05-22,1.1281,1.3426,143.89
2025-05-23,1.135,1.3511,142.61
2025-05-27,1.1326,1.3505,144.37
2025-05-28,1.1286,1.3462,145.04
2025-05-29,1.137,1.3489,144.09
2025-05-30,1.1347,1.3468,144.18
2025-06-02,1.1432,1.3549,142.76
2025-06-03,1.1373,1.352,143.93
2025-06-04,1.1424,1.357,142.91
2025-06-05,1.144,1.3584,143.87
2025-06-06,1.1397,1.3532,144.87
2025-06-09,1.1425,1.3563,144.37
2025-06-10,1.1423,1.3508,144.91
2025-06-11,1.149,1.3556,144.48
2025-06-12,1.1578,1.3589,143.64
2025-06-13,1.1557,1.3594,144.04
2025-06-16,1.1581,1.36,144.14
2025-06-17,1.1535,1.3516,145.04
2025-06-18,1.1521,1.3471,144.58
2025-06-20,1.152,1.3465,145.92
2025-06-23,1.1538,1.3491,146.47
2025-06-24,1.1608,1.3616,144.9
2025-06-25,1.162,1.3626,145.59
2025-06-26,1.1717,1.3754,144.34
2025-06-27,1.1724,1.372,144.74
2025-06-30,1.177,1.3722,144.17
2025-07-01,1.1776,1.3728,143.58
2025-07-02,1.179,1.3623,143.76
2025-07-03,1.1758,1.3656,144.96
2025-07-07,1.1733,1.3638,145.86
2025-07-08,1.1707,1.3575,146.81
2025-07-09,1.1707,1.3585,146.53
2025-07-10,1.1688,1.3569,146.46
2025-07-11,1.1696,1.3503,147.29
2025-07-14,1.1672,1.3437,147.69
2025-07-15,1.1619,1.3396,148.75
2025-07-16,1.1629,1.3426,148.08
2025-07-17,1.1597,1.3413,148.55
2025-07-18,1.1645,1.3439,148.55
2025-07-21,1.1705,1.3498,147.27
2025-07-22,1.1749,1.3522,146.36
2025-07-23,1.1748,1.3566,146.55
2025-07-24,1.1765,1.3524,146.92
2025-07-25,1.173,1.3429,147.77
2025-07-28,1.1609,1.3393,148.45
2025-07-29,1.1534,1.3339,148.57
2025-07-30,1.147,1.3274,149.07
2025-07-31,1.1431,1.322,150.6
2025-08-01,1.1555,1.3259,148.06
2025-08-04,1.1568,1.329,147.09
2025-08-05,1.158,1.3309,147.49
2025-08-06,1.1647,1.336,147.25
2025-08-07,1.1641,1.3434,147.35
2025-08-08,1.166,1.3444,147.7
2025-08-11,1.1607,1.3414,147.99
2025-08-12,1.1673,1.3509,147.8
2025-08-13,1.1715,1.3572,147.25
2025-08-14,1.1644,1.3532,147.69
2025-08-15,1.1708,1.3565,147.0
2025-08-18,1.1667,1.3521,147.76
2025-08-19,1.166,1.3496,147.72
2025-08-20,1.1649,1.345,147.19
2025-08-21,1.1605,1.3417,148.35
2025-08-22,1.1713,1.3528,146.82
2025-08-25,1.167,1.3491,147.61
2025-08-26,1.1657,1.3485,147.3
2025-08-27,1.1611,1.3468,147.75
2025-08-28,1.1672,1.3516,146.98
2025-08-29,1.1695,1.3511,146.9
2025-09-02,1.1653,1.3392,148.23
2025-09-03,1.1676,1.3448,147.97
2025-09-04,1.1648,1.3441,148.63
2025-09-05,1.1759,1.3543,146.84
2025-09-08,1.1751,1.355,147.58
2025-09-09,1.1723,1.3533,147.23
2025-09-10,1.1714,1.3548,147.37
2025-09-11,1.1732,1.3568,147.17
2025-09-12,1.1714,1.3547,147.85
2025-09-15,1.1772,1.3609,147.27
2025-09-16,1.1848,1.3654,146.56
2025-09-17,1.1845,1.3661,146.36
2025-09-18,1.178,1.3552,148.02
2025-09-19,1.1753,1.3484,147.83
2025-09-22,1.1773,1.3505,147.83
2025-09-23,1.18,1.3518,147.83
2025-09-24,1.1742,1.345,148.71
2025-09-25,1.1673,1.3351,149.78
2025-09-26,1.1692,1.3404,149.52
2025-09-29,1.173,1.3433,148.57
2025-09-30,1.1735,1.3443,147.97
2025-10-01,1.1723,1.3474,147.16
2025-10-02,1.1696,1.3423,147.35
2025-10-03,1.1747,1.3481,147.33
2025-10-06,1.1707,1.3476,150.02
2025-10-07,1.1674,1.3441,151.17
2025-10-08,1.1606,1.339,152.72
2025-10-09,1.1559,1.3312,153.05
2025-10-10,1.1613,1.3343,151.94
2025-10-14,1.1608,1.3321,151.77
2025-10-15,1.1638,1.3396,151.21
2025-10-16,1.1665,1.3425,150.75
2025-10-17,1.1674,1.3425,150.33
2025-10-20,1.1656,1.342,150.59
2025-10-21,1.1616,1.3391,151.72
2025-10-22,1.1612,1.3372,151.79
2025-10-23,1.1612,1.3323,152.72
2025-10-24,1.1626,1.3298,152.82
2025-10-27,1.1636,1.3331,153.09
2025-10-28,1.1659,1.328,152.14
2025-10-29,1.1664,1.3243,151.91
2025-10-30,1.1564,1.3147,154.17
2025-10-31,1.1541,1.3141,154.05
2025-11-03,1.1531,1.315,154.13
2025-11-04,1.1491,1.3044,153.55
2025-11-05,1.1485,1.3051,154.11
2025-11-06,1.1539,1.3107,152.97
2025-11-07,1.1578,1.3165,153.06
2025-11-10,1.1545,1.3157,153.99
2025-11-12,1.1592,1.3131,154.64
2025-11-13,1.1649,1.3214,154.4
2025-11-14,1.1617,1.3156,154.64
2025-11-17,1.1598,1.3179,155.2
2025-11-18,1.1579,1.3152,155.44
2025-11-19,1.154,1.3077,156.63
2025-11-20,1.1534,1.3079,157.41
2025-11-21,1.1506,1.31,156.58
2025-11-24,1.1518,1.3096,156.94
2025-11-25,1.1553,1.3174,156.3
2025-11-26,1.1591,1.3228,156.38
2025-11-28,1.16,1.3239,156.17
2025-12-01,1.1623,1.3229,155.28
2025-12-02,1.1596,1.3186,155.92
2025-12-03,1.166,1.3334,155.17
2025-12-04,1.1659,1.3355,154.9
2025-12-05,1.1635,1.3324,155.3
